rows    | tot_costs   | exec_time(ms)  | exec_time_cs| plan_time   | ncond | nind  | stmt
----------------------------------------------------------------------------
?Available data: 106771722+112754316=219526038
? Lines: 987+964

? SET ROLE tfog_abells_u;
17      | 2197.78     | 101.623        | 111.8274    | 2.982       | 0     | 4     | SELECT CaseNumber FROM alfbasic intersect  select find_text('diaddvur');
259     | 2197.78     | 28.39          | 31.4219     | 1.429       | 0     | 4     | SELECT CaseNumber FROM alfbasic intersect  select find_text('12');
7       | 2197.78     | 31.347         | 34.2076     | 1.374       | 0     | 4     | SELECT CaseNumber FROM alfbasic intersect  select find_text('January 2014');
? SET ROLE postgres;
? SET ROLE acoast_stask_u;
40      | 2615.06     | 63.078         | 65.8631     | 1.298       | 0     | 4     | SELECT CaseNumber FROM alfbasic intersect  select find_text('bsys@seznam.cz');
184     | 2615.06     | 66.064         | 68.9697     | 1.27        | 0     | 4     | SELECT CaseNumber FROM alfbasic intersect  select find_text('By Vertex42.com');
149     | 2615.06     | 77.968         | 80.8775     | 1.443       | 0     | 4     | SELECT CaseNumber FROM alfbasic intersect  select find_text('Total Cost Material 5');
? SET ROLE postgres;
? SET ROLE abells_sdraft_u;
774     | 2602.14     | 69.023         | 71.9128     | 1.322       | 0     | 4     | SELECT CaseNumber FROM alfbasic intersect  select find_text('Product 1');
257     | 2602.14     | 59.648         | 62.505      | 1.327       | 0     | 4     | SELECT CaseNumber FROM alfbasic intersect  select find_text('120');
131     | 2602.14     | 85.368         | 88.2158     | 1.339       | 0     | 4     | SELECT CaseNumber FROM alfbasic intersect  select find_text('Total Expenditure = (D) = B + C');
? SET ROLE postgres;
? SET ROLE tfog_abells_u;
84      | 2197.78     | 35.834         | 38.5871     | 1.285       | 0     | 4     | SELECT CaseNumber FROM alfbasic intersect  select find_text('Total Other Liabilities');
77      | 2197.78     | 44.016         | 46.8543     | 1.304       | 0     | 4     | SELECT CaseNumber FROM alfbasic intersect  select find_text('Hybrid: 4 days Ft. Lauderdale w/online component');
? SET ROLE postgres;
? SET ROLE acoast_stask_u;
40      | 2615.06     | 62.751         | 65.5591     | 1.379       | 0     | 4     | SELECT CaseNumber FROM alfbasic intersect  select find_text('diaddvur');
964     | 2615.06     | 59.051         | 61.8815     | 1.269       | 0     | 4     | SELECT CaseNumber FROM alfbasic intersect  select find_text('12');
119     | 2615.06     | 66.971         | 69.8469     | 1.382       | 0     | 4     | SELECT CaseNumber FROM alfbasic intersect  select find_text('January 2014');
? SET ROLE tfog_abells_u;
4       | 2197.72     | 28.639         | 31.7202     | 1.36        | 1     | 4     | SELECT CaseNumber FROM alfbasic WHERE casetype LIKE 'budget' intersect  select find_text('bsys@seznam.cz');
20      | 2197.72     | 30.601         | 33.4327     | 1.325       | 1     | 4     | SELECT CaseNumber FROM alfbasic WHERE casetype LIKE 'budget' intersect  select find_text('By Vertex42.com');
0       | 2197.72     | 35.662         | 38.5413     | 1.37        | 1     | 4     | SELECT CaseNumber FROM alfbasic WHERE casetype LIKE 'budget' intersect  select find_text('Total Cost Material 5');
? SET ROLE postgres;
? SET ROLE acoast_stask_u;
174     | 2631.03     | 66.088         | 68.8548     | 1.288       | 1     | 4     | SELECT CaseNumber FROM alfbasic WHERE casetype LIKE 'budget' intersect  select find_text('Product 1');
44      | 2631.03     | 56.939         | 59.7348     | 1.329       | 1     | 4     | SELECT CaseNumber FROM alfbasic WHERE casetype LIKE 'budget' intersect  select find_text('120');
35      | 2631.03     | 83.161         | 86.082      | 1.395       | 1     | 4     | SELECT CaseNumber FROM alfbasic WHERE casetype LIKE 'budget' intersect  select find_text('Total Expenditure = (D) = B + C');
? SET ROLE postgres;
? SET ROLE abells_sdraft_u;
93      | 2617.73     | 74.793         | 77.5249     | 1.289       | 1     | 4     | SELECT CaseNumber FROM alfbasic WHERE casetype LIKE 'budget' intersect  select find_text('Total Other Liabilities');
51      | 2617.73     | 92.706         | 95.5558     | 1.393       | 1     | 4     | SELECT CaseNumber FROM alfbasic WHERE casetype LIKE 'budget' intersect  select find_text('Hybrid: 4 days Ft. Lauderdale w/online component');
? SET ROLE postgres;
? SET ROLE tfog_abells_u;
4       | 2197.72     | 29.275         | 32.119      | 1.369       | 1     | 4     | SELECT CaseNumber FROM alfbasic WHERE casetype LIKE 'budget' intersect  select find_text('diaddvur');
68      | 2197.72     | 27.007         | 29.9358     | 1.384       | 1     | 4     | SELECT CaseNumber FROM alfbasic WHERE casetype LIKE 'budget' intersect  select find_text('12');
0       | 2197.72     | 31.184         | 34.0092     | 1.288       | 1     | 4     | SELECT CaseNumber FROM alfbasic WHERE casetype LIKE 'budget' intersect  select find_text('January 2014');
? SET ROLE postgres;
? SET ROLE acoast_stask_u;
9       | 2631.03     | 59.241         | 62.0348     | 1.362       | 1     | 4     | SELECT CaseNumber FROM alfbasic WHERE casetype LIKE 'budget' intersect  select find_text('bsys@seznam.cz');
44      | 2631.03     | 64.632         | 67.4095     | 1.28        | 1     | 4     | SELECT CaseNumber FROM alfbasic WHERE casetype LIKE 'budget' intersect  select find_text('By Vertex42.com');
33      | 2631.03     | 75.223         | 77.9762     | 1.283       | 1     | 4     | SELECT CaseNumber FROM alfbasic WHERE casetype LIKE 'budget' intersect  select find_text('Total Cost Material 5');
? SET ROLE tfog_abells_u;
38      | 2199.21     | 31.115         | 34.059      | 1.418       | 2     | 4     | SELECT CaseNumber FROM alfbasic WHERE casetype LIKE 'budget' AND tenant LIKE 'fog' intersect  select find_text('Product 1');
20      | 2199.21     | 26.754         | 29.6102     | 1.316       | 2     | 4     | SELECT CaseNumber FROM alfbasic WHERE casetype LIKE 'budget' AND tenant LIKE 'fog' intersect  select find_text('120');
26      | 2199.21     | 40.085         | 43.0117     | 1.4         | 2     | 4     | SELECT CaseNumber FROM alfbasic WHERE casetype LIKE 'budget' AND tenant LIKE 'fog' intersect  select find_text('Total Expenditure = (D) = B + C');
? SET ROLE postgres;
? SET ROLE acoast_stask_u;
10      | 2650.15     | 73.465         | 76.2887     | 1.376       | 2     | 4     | SELECT CaseNumber FROM alfbasic WHERE casetype LIKE 'budget' AND tenant LIKE 'fog' intersect  select find_text('Total Other Liabilities');
8       | 2650.15     | 90.681         | 93.6079     | 1.385       | 2     | 4     | SELECT CaseNumber FROM alfbasic WHERE casetype LIKE 'budget' AND tenant LIKE 'fog' intersect  select find_text('Hybrid: 4 days Ft. Lauderdale w/online component');
? SET ROLE postgres;
? SET ROLE abells_sdraft_u;
2       | 2636.43     | 61.561         | 64.5421     | 1.523       | 2     | 4     | SELECT CaseNumber FROM alfbasic WHERE casetype LIKE 'budget' AND tenant LIKE 'fog' intersect  select find_text('diaddvur');
41      | 2636.43     | 58.434         | 61.229      | 1.298       | 2     | 4     | SELECT CaseNumber FROM alfbasic WHERE casetype LIKE 'budget' AND tenant LIKE 'fog' intersect  select find_text('12');
0       | 2636.43     | 66.628         | 69.5484     | 1.387       | 2     | 4     | SELECT CaseNumber FROM alfbasic WHERE casetype LIKE 'budget' AND tenant LIKE 'fog' intersect  select find_text('January 2014');
? SET ROLE postgres;
? SET ROLE tfog_abells_u;
4       | 2199.21     | 28.223         | 31.0514     | 1.301       | 2     | 4     | SELECT CaseNumber FROM alfbasic WHERE casetype LIKE 'budget' AND tenant LIKE 'fog' intersect  select find_text('bsys@seznam.cz');
20      | 2199.21     | 30.62          | 33.458      | 1.305       | 2     | 4     | SELECT CaseNumber FROM alfbasic WHERE casetype LIKE 'budget' AND tenant LIKE 'fog' intersect  select find_text('By Vertex42.com');
0       | 2199.21     | 35.26          | 38.1324     | 1.313       | 2     | 4     | SELECT CaseNumber FROM alfbasic WHERE casetype LIKE 'budget' AND tenant LIKE 'fog' intersect  select find_text('Total Cost Material 5');
? SET ROLE postgres;
? SET ROLE acoast_stask_u;
18      | 2650.15     | 68.053         | 70.859      | 1.297       | 2     | 4     | SELECT CaseNumber FROM alfbasic WHERE casetype LIKE 'budget' AND tenant LIKE 'fog' intersect  select find_text('Product 1');
6       | 2650.15     | 60.121         | 63.8416     | 2.105       | 2     | 4     | SELECT CaseNumber FROM alfbasic WHERE casetype LIKE 'budget' AND tenant LIKE 'fog' intersect  select find_text('120');
2       | 2650.15     | 83.737         | 86.8251     | 1.531       | 2     | 4     | SELECT CaseNumber FROM alfbasic WHERE casetype LIKE 'budget' AND tenant LIKE 'fog' intersect  select find_text('Total Expenditure = (D) = B + C');
? SET ROLE tfog_abells_u;
3       | 2201.14     | 35.745         | 38.6519     | 1.443       | 3     | 4     | SELECT CaseNumber FROM alfbasic WHERE casetype LIKE 'budget' AND tenant LIKE 'fog' and udim1 LIKE 'public' intersect  select find_text('Total Other Liabilities');
4       | 2201.14     | 43.829         | 46.7067     | 1.359       | 3     | 4     | SELECT CaseNumber FROM alfbasic WHERE casetype LIKE 'budget' AND tenant LIKE 'fog' and udim1 LIKE 'public' intersect  select find_text('Hybrid: 4 days Ft. Lauderdale w/online component');
? SET ROLE postgres;
? SET ROLE acoast_stask_u;
0       | 2670.15     | 61.196         | 64.0154     | 1.354       | 3     | 4     | SELECT CaseNumber FROM alfbasic WHERE casetype LIKE 'budget' AND tenant LIKE 'fog' and udim1 LIKE 'public' intersect  select find_text('diaddvur');
6       | 2670.15     | 57.766         | 60.5812     | 1.313       | 3     | 4     | SELECT CaseNumber FROM alfbasic WHERE casetype LIKE 'budget' AND tenant LIKE 'fog' and udim1 LIKE 'public' intersect  select find_text('12');
0       | 2670.15     | 66.191         | 69.1533     | 1.45        | 3     | 4     | SELECT CaseNumber FROM alfbasic WHERE casetype LIKE 'budget' AND tenant LIKE 'fog' and udim1 LIKE 'public' intersect  select find_text('January 2014');
? SET ROLE postgres;
? SET ROLE abells_sdraft_u;
0       | 2655.99     | 60.378         | 63.2017     | 1.359       | 3     | 4     | SELECT CaseNumber FROM alfbasic WHERE casetype LIKE 'budget' AND tenant LIKE 'fog' and udim1 LIKE 'public' intersect  select find_text('bsys@seznam.cz');
1       | 2655.99     | 65.984         | 68.8429     | 1.359       | 3     | 4     | SELECT CaseNumber FROM alfbasic WHERE casetype LIKE 'budget' AND tenant LIKE 'fog' and udim1 LIKE 'public' intersect  select find_text('By Vertex42.com');
0       | 2655.99     | 75.936         | 78.8696     | 1.411       | 3     | 4     | SELECT CaseNumber FROM alfbasic WHERE casetype LIKE 'budget' AND tenant LIKE 'fog' and udim1 LIKE 'public' intersect  select find_text('Total Cost Material 5');
? SET ROLE postgres;
? SET ROLE tfog_abells_u;
7       | 2201.14     | 31.024         | 33.9408     | 1.395       | 3     | 4     | SELECT CaseNumber FROM alfbasic WHERE casetype LIKE 'budget' AND tenant LIKE 'fog' and udim1 LIKE 'public' intersect  select find_text('Product 1');
2       | 2201.14     | 26.344         | 29.1934     | 1.314       | 3     | 4     | SELECT CaseNumber FROM alfbasic WHERE casetype LIKE 'budget' AND tenant LIKE 'fog' and udim1 LIKE 'public' intersect  select find_text('120');
8       | 2201.14     | 39.57          | 42.4457     | 1.315       | 3     | 4     | SELECT CaseNumber FROM alfbasic WHERE casetype LIKE 'budget' AND tenant LIKE 'fog' and udim1 LIKE 'public' intersect  select find_text('Total Expenditure = (D) = B + C');
? SET ROLE postgres;
? SET ROLE acoast_stask_u;
3       | 2670.15     | 74.385         | 77.1646     | 1.307       | 3     | 4     | SELECT CaseNumber FROM alfbasic WHERE casetype LIKE 'budget' AND tenant LIKE 'fog' and udim1 LIKE 'public' intersect  select find_text('Total Other Liabilities');
3       | 2670.15     | 89.869         | 92.7625     | 1.309       | 3     | 4     | SELECT CaseNumber FROM alfbasic WHERE casetype LIKE 'budget' AND tenant LIKE 'fog' and udim1 LIKE 'public' intersect  select find_text('Hybrid: 4 days Ft. Lauderdale w/online component');
? SET ROLE tfog_abells_u;
0       | 2203.1      | 29.059         | 32.0084     | 1.398       | 4     | 4     | SELECT CaseNumber FROM alfbasic WHERE casetype LIKE 'budget' AND tenant LIKE 'fog' and udim1 LIKE 'public' AND udim2 LIKE 'table' intersect  select find_text('diaddvur');
2       | 2203.1      | 27.344         | 30.2763     | 1.407       | 4     | 4     | SELECT CaseNumber FROM alfbasic WHERE casetype LIKE 'budget' AND tenant LIKE 'fog' and udim1 LIKE 'public' AND udim2 LIKE 'table' intersect  select find_text('12');
0       | 2203.1      | 31.091         | 33.9575     | 1.317       | 4     | 4     | SELECT CaseNumber FROM alfbasic WHERE casetype LIKE 'budget' AND tenant LIKE 'fog' and udim1 LIKE 'public' AND udim2 LIKE 'table' intersect  select find_text('January 2014');
? SET ROLE postgres;
? SET ROLE acoast_stask_u;
0       | 2690.19     | 60.158         | 62.9568     | 1.315       | 4     | 4     | SELECT CaseNumber FROM alfbasic WHERE casetype LIKE 'budget' AND tenant LIKE 'fog' and udim1 LIKE 'public' AND udim2 LIKE 'table' intersect  select find_text('bsys@seznam.cz');
2       | 2690.19     | 64.118         | 67.0173     | 1.388       | 4     | 4     | SELECT CaseNumber FROM alfbasic WHERE casetype LIKE 'budget' AND tenant LIKE 'fog' and udim1 LIKE 'public' AND udim2 LIKE 'table' intersect  select find_text('By Vertex42.com');
0       | 2690.19     | 73.953         | 76.8442     | 1.357       | 4     | 4     | SELECT CaseNumber FROM alfbasic WHERE casetype LIKE 'budget' AND tenant LIKE 'fog' and udim1 LIKE 'public' AND udim2 LIKE 'table' intersect  select find_text('Total Cost Material 5');
? SET ROLE postgres;
? SET ROLE abells_sdraft_u;
2       | 2675.59     | 67.411         | 70.2143     | 1.315       | 4     | 4     | SELECT CaseNumber FROM alfbasic WHERE casetype LIKE 'budget' AND tenant LIKE 'fog' and udim1 LIKE 'public' AND udim2 LIKE 'table' intersect  select find_text('Product 1');
1       | 2675.59     | 57.331         | 60.1976     | 1.317       | 4     | 4     | SELECT CaseNumber FROM alfbasic WHERE casetype LIKE 'budget' AND tenant LIKE 'fog' and udim1 LIKE 'public' AND udim2 LIKE 'table' intersect  select find_text('120');
0       | 2675.59     | 83.867         | 86.7865     | 1.417       | 4     | 4     | SELECT CaseNumber FROM alfbasic WHERE casetype LIKE 'budget' AND tenant LIKE 'fog' and udim1 LIKE 'public' AND udim2 LIKE 'table' intersect  select find_text('Total Expenditure = (D) = B + C');
? SET ROLE postgres;
? SET ROLE tfog_abells_u;
1       | 2203.1      | 34.787         | 37.6239     | 1.325       | 4     | 4     | SELECT CaseNumber FROM alfbasic WHERE casetype LIKE 'budget' AND tenant LIKE 'fog' and udim1 LIKE 'public' AND udim2 LIKE 'table' intersect  select find_text('Total Other Liabilities');
1       | 2203.1      | 42.876         | 45.7714     | 1.352       | 4     | 4     | SELECT CaseNumber FROM alfbasic WHERE casetype LIKE 'budget' AND tenant LIKE 'fog' and udim1 LIKE 'public' AND udim2 LIKE 'table' intersect  select find_text('Hybrid: 4 days Ft. Lauderdale w/online component');
? SET ROLE postgres;
? SET ROLE acoast_stask_u;
0       | 2690.19     | 60.824         | 63.6249     | 1.316       | 4     | 4     | SELECT CaseNumber FROM alfbasic WHERE casetype LIKE 'budget' AND tenant LIKE 'fog' and udim1 LIKE 'public' AND udim2 LIKE 'table' intersect  select find_text('diaddvur');
3       | 2690.19     | 58.17          | 61.0006     | 1.317       | 4     | 4     | SELECT CaseNumber FROM alfbasic WHERE casetype LIKE 'budget' AND tenant LIKE 'fog' and udim1 LIKE 'public' AND udim2 LIKE 'table' intersect  select find_text('12');
0       | 2690.19     | 66.237         | 69.1404     | 1.408       | 4     | 4     | SELECT CaseNumber FROM alfbasic WHERE casetype LIKE 'budget' AND tenant LIKE 'fog' and udim1 LIKE 'public' AND udim2 LIKE 'table' intersect  select find_text('January 2014');
? SET ROLE tfog_abells_u;
0       | 2205.06     | 28.367         | 31.3187     | 1.411       | 5     | 4     | SELECT CaseNumber FROM alfbasic WHERE casetype LIKE 'budget' AND tenant LIKE 'fog' and udim1 LIKE 'public' AND udim2 LIKE 'table' AND udim3 LIKE 'neutral' intersect  select find_text('bsys@seznam.cz');
1       | 2205.06     | 30.483         | 33.4466     | 1.35        | 5     | 4     | SELECT CaseNumber FROM alfbasic WHERE casetype LIKE 'budget' AND tenant LIKE 'fog' and udim1 LIKE 'public' AND udim2 LIKE 'table' AND udim3 LIKE 'neutral' intersect  select find_text('By Vertex42.com');
0       | 2205.06     | 35.028         | 37.9698     | 1.343       | 5     | 4     | SELECT CaseNumber FROM alfbasic WHERE casetype LIKE 'budget' AND tenant LIKE 'fog' and udim1 LIKE 'public' AND udim2 LIKE 'table' AND udim3 LIKE 'neutral' intersect  select find_text('Total Cost Material 5');
? SET ROLE postgres;
? SET ROLE acoast_stask_u;
1       | 2710.25     | 66.139         | 69.0506     | 1.347       | 5     | 4     | SELECT CaseNumber FROM alfbasic WHERE casetype LIKE 'budget' AND tenant LIKE 'fog' and udim1 LIKE 'public' AND udim2 LIKE 'table' AND udim3 LIKE 'neutral' intersect  select find_text('Product 1');
0       | 2710.25     | 57.861         | 60.6933     | 1.321       | 5     | 4     | SELECT CaseNumber FROM alfbasic WHERE casetype LIKE 'budget' AND tenant LIKE 'fog' and udim1 LIKE 'public' AND udim2 LIKE 'table' AND udim3 LIKE 'neutral' intersect  select find_text('120');
0       | 2710.25     | 84.907         | 87.7745     | 1.379       | 5     | 4     | SELECT CaseNumber FROM alfbasic WHERE casetype LIKE 'budget' AND tenant LIKE 'fog' and udim1 LIKE 'public' AND udim2 LIKE 'table' AND udim3 LIKE 'neutral' intersect  select find_text('Total Expenditure = (D) = B + C');
? SET ROLE postgres;
? SET ROLE abells_sdraft_u;
1       | 2695.21     | 75.894         | 78.7251     | 1.367       | 5     | 4     | SELECT CaseNumber FROM alfbasic WHERE casetype LIKE 'budget' AND tenant LIKE 'fog' and udim1 LIKE 'public' AND udim2 LIKE 'table' AND udim3 LIKE 'neutral' intersect  select find_text('Total Other Liabilities');
1       | 2695.21     | 90.575         | 93.416      | 1.331       | 5     | 4     | SELECT CaseNumber FROM alfbasic WHERE casetype LIKE 'budget' AND tenant LIKE 'fog' and udim1 LIKE 'public' AND udim2 LIKE 'table' AND udim3 LIKE 'neutral' intersect  select find_text('Hybrid: 4 days Ft. Lauderdale w/online component');
? SET ROLE postgres;
? SET ROLE tfog_abells_u;
0       | 2205.06     | 28.762         | 31.6839     | 1.408       | 5     | 4     | SELECT CaseNumber FROM alfbasic WHERE casetype LIKE 'budget' AND tenant LIKE 'fog' and udim1 LIKE 'public' AND udim2 LIKE 'table' AND udim3 LIKE 'neutral' intersect  select find_text('diaddvur');
2       | 2205.06     | 26.75          | 29.7172     | 1.386       | 5     | 4     | SELECT CaseNumber FROM alfbasic WHERE casetype LIKE 'budget' AND tenant LIKE 'fog' and udim1 LIKE 'public' AND udim2 LIKE 'table' AND udim3 LIKE 'neutral' intersect  select find_text('12');
0       | 2205.06     | 31.556         | 34.4553     | 1.373       | 5     | 4     | SELECT CaseNumber FROM alfbasic WHERE casetype LIKE 'budget' AND tenant LIKE 'fog' and udim1 LIKE 'public' AND udim2 LIKE 'table' AND udim3 LIKE 'neutral' intersect  select find_text('January 2014');
? SET ROLE postgres;
? SET ROLE acoast_stask_u;
0       | 2710.25     | 59.354         | 62.2211     | 1.368       | 5     | 4     | SELECT CaseNumber FROM alfbasic WHERE casetype LIKE 'budget' AND tenant LIKE 'fog' and udim1 LIKE 'public' AND udim2 LIKE 'table' AND udim3 LIKE 'neutral' intersect  select find_text('bsys@seznam.cz');
0       | 2710.25     | 64.496         | 67.3609     | 1.325       | 5     | 4     | SELECT CaseNumber FROM alfbasic WHERE casetype LIKE 'budget' AND tenant LIKE 'fog' and udim1 LIKE 'public' AND udim2 LIKE 'table' AND udim3 LIKE 'neutral' intersect  select find_text('By Vertex42.com');
0       | 2710.25     | 74.698         | 77.5332     | 1.322       | 5     | 4     | SELECT CaseNumber FROM alfbasic WHERE casetype LIKE 'budget' AND tenant LIKE 'fog' and udim1 LIKE 'public' AND udim2 LIKE 'table' AND udim3 LIKE 'neutral' intersect  select find_text('Total Cost Material 5');
? SET ROLE tfog_abells_u;
165     | 2197.78     | 31.607         | 34.4441     | 1.369       | 0     | 4     | SELECT CaseNumber FROM alfbasic intersect  select find_text('Product 1');
63      | 2197.78     | 27.735         | 30.5088     | 1.278       | 0     | 4     | SELECT CaseNumber FROM alfbasic intersect  select find_text('120');
81      | 2197.78     | 40.769         | 43.5963     | 1.324       | 0     | 4     | SELECT CaseNumber FROM alfbasic intersect  select find_text('Total Expenditure = (D) = B + C');
? SET ROLE postgres;
? SET ROLE acoast_stask_u;
440     | 2615.06     | 75.096         | 77.8973     | 1.277       | 0     | 4     | SELECT CaseNumber FROM alfbasic intersect  select find_text('Total Other Liabilities');
284     | 2615.06     | 91.994         | 94.7816     | 1.281       | 0     | 4     | SELECT CaseNumber FROM alfbasic intersect  select find_text('Hybrid: 4 days Ft. Lauderdale w/online component');
? SET ROLE postgres;
? SET ROLE abells_sdraft_u;
110     | 2602.14     | 63.357         | 66.8101     | 1.323       | 0     | 4     | SELECT CaseNumber FROM alfbasic intersect  select find_text('diaddvur');
987     | 2602.14     | 60.359         | 63.2062     | 1.272       | 0     | 4     | SELECT CaseNumber FROM alfbasic intersect  select find_text('12');
123     | 2602.14     | 68.322         | 71.1365     | 1.359       | 0     | 4     | SELECT CaseNumber FROM alfbasic intersect  select find_text('January 2014');
? SET ROLE postgres;
? SET ROLE tfog_abells_u;
17      | 2197.78     | 28.802         | 31.5738     | 1.324       | 0     | 4     | SELECT CaseNumber FROM alfbasic intersect  select find_text('bsys@seznam.cz');
63      | 2197.78     | 31.626         | 34.461      | 1.366       | 0     | 4     | SELECT CaseNumber FROM alfbasic intersect  select find_text('By Vertex42.com');
11      | 2197.78     | 35.817         | 38.61       | 1.324       | 0     | 4     | SELECT CaseNumber FROM alfbasic intersect  select find_text('Total Cost Material 5');
? SET ROLE postgres;
? SET ROLE acoast_stask_u;
754     | 2615.06     | 67.307         | 70.0662     | 1.273       | 0     | 4     | SELECT CaseNumber FROM alfbasic intersect  select find_text('Product 1');
184     | 2615.06     | 57.283         | 60.1211     | 1.38        | 0     | 4     | SELECT CaseNumber FROM alfbasic intersect  select find_text('120');
200     | 2615.06     | 85.987         | 88.8269     | 1.358       | 0     | 4     | SELECT CaseNumber FROM alfbasic intersect  select find_text('Total Expenditure = (D) = B + C');
? SET ROLE tfog_abells_u;
24      | 2197.72     | 35.586         | 38.4309     | 1.352       | 1     | 4     | SELECT CaseNumber FROM alfbasic WHERE casetype LIKE 'budget' intersect  select find_text('Total Other Liabilities');
14      | 2197.72     | 42.799         | 45.656      | 1.341       | 1     | 4     | SELECT CaseNumber FROM alfbasic WHERE casetype LIKE 'budget' intersect  select find_text('Hybrid: 4 days Ft. Lauderdale w/online component');
? SET ROLE postgres;
? SET ROLE acoast_stask_u;
9       | 2631.03     | 60.736         | 63.4632     | 1.295       | 1     | 4     | SELECT CaseNumber FROM alfbasic WHERE casetype LIKE 'budget' intersect  select find_text('diaddvur');
212     | 2631.03     | 57.537         | 60.3631     | 1.292       | 1     | 4     | SELECT CaseNumber FROM alfbasic WHERE casetype LIKE 'budget' intersect  select find_text('12');
27      | 2631.03     | 66.288         | 69.0744     | 1.294       | 1     | 4     | SELECT CaseNumber FROM alfbasic WHERE casetype LIKE 'budget' intersect  select find_text('January 2014');
? SET ROLE postgres;
? SET ROLE abells_sdraft_u;
20      | 2617.73     | 61.328         | 64.0852     | 1.294       | 1     | 4     | SELECT CaseNumber FROM alfbasic WHERE casetype LIKE 'budget' intersect  select find_text('bsys@seznam.cz');
59      | 2617.73     | 66.844         | 69.8233     | 1.332       | 1     | 4     | SELECT CaseNumber FROM alfbasic WHERE casetype LIKE 'budget' intersect  select find_text('By Vertex42.com');
28      | 2617.73     | 87.273         | 90.7886     | 1.695       | 1     | 4     | SELECT CaseNumber FROM alfbasic WHERE casetype LIKE 'budget' intersect  select find_text('Total Cost Material 5');
? SET ROLE postgres;
? SET ROLE tfog_abells_u;
38      | 2197.72     | 34.352         | 37.5667     | 1.501       | 1     | 4     | SELECT CaseNumber FROM alfbasic WHERE casetype LIKE 'budget' intersect  select find_text('Product 1');
20      | 2197.72     | 29.162         | 32.2711     | 1.393       | 1     | 4     | SELECT CaseNumber FROM alfbasic WHERE casetype LIKE 'budget' intersect  select find_text('120');
26      | 2197.72     | 44.729         | 47.8008     | 1.395       | 1     | 4     | SELECT CaseNumber FROM alfbasic WHERE casetype LIKE 'budget' intersect  select find_text('Total Expenditure = (D) = B + C');
? SET ROLE postgres;
? SET ROLE acoast_stask_u;
112     | 2631.03     | 85.829         | 89.1895     | 1.75        | 1     | 4     | SELECT CaseNumber FROM alfbasic WHERE casetype LIKE 'budget' intersect  select find_text('Total Other Liabilities');
56      | 2631.03     | 100.697        | 103.8282    | 1.499       | 1     | 4     | SELECT CaseNumber FROM alfbasic WHERE casetype LIKE 'budget' intersect  select find_text('Hybrid: 4 days Ft. Lauderdale w/online component');
? SET ROLE tfog_abells_u;
4       | 2199.21     | 31.661         | 34.7061     | 1.396       | 2     | 4     | SELECT CaseNumber FROM alfbasic WHERE casetype LIKE 'budget' AND tenant LIKE 'fog' intersect  select find_text('diaddvur');
68      | 2199.21     | 28.775         | 31.8666     | 1.435       | 2     | 4     | SELECT CaseNumber FROM alfbasic WHERE casetype LIKE 'budget' AND tenant LIKE 'fog' intersect  select find_text('12');
0       | 2199.21     | 33.759         | 36.8321     | 1.436       | 2     | 4     | SELECT CaseNumber FROM alfbasic WHERE casetype LIKE 'budget' AND tenant LIKE 'fog' intersect  select find_text('January 2014');
? SET ROLE postgres;
? SET ROLE acoast_stask_u;
1       | 2650.15     | 64.542         | 67.5097     | 1.39        | 2     | 4     | SELECT CaseNumber FROM alfbasic WHERE casetype LIKE 'budget' AND tenant LIKE 'fog' intersect  select find_text('bsys@seznam.cz');
6       | 2650.15     | 70.774         | 73.9775     | 1.524       | 2     | 4     | SELECT CaseNumber FROM alfbasic WHERE casetype LIKE 'budget' AND tenant LIKE 'fog' intersect  select find_text('By Vertex42.com');
2       | 2650.15     | 80.762         | 83.6709     | 1.382       | 2     | 4     | SELECT CaseNumber FROM alfbasic WHERE casetype LIKE 'budget' AND tenant LIKE 'fog' intersect  select find_text('Total Cost Material 5');
? SET ROLE postgres;
? SET ROLE abells_sdraft_u;
21      | 2636.43     | 69.683         | 72.4533     | 1.345       | 2     | 4     | SELECT CaseNumber FROM alfbasic WHERE casetype LIKE 'budget' AND tenant LIKE 'fog' intersect  select find_text('Product 1');
9       | 2636.43     | 57.094         | 59.9492     | 1.302       | 2     | 4     | SELECT CaseNumber FROM alfbasic WHERE casetype LIKE 'budget' AND tenant LIKE 'fog' intersect  select find_text('120');
18      | 2636.43     | 84.886         | 87.7147     | 1.304       | 2     | 4     | SELECT CaseNumber FROM alfbasic WHERE casetype LIKE 'budget' AND tenant LIKE 'fog' intersect  select find_text('Total Expenditure = (D) = B + C');
? SET ROLE postgres;
? SET ROLE tfog_abells_u;
24      | 2199.21     | 34.79          | 37.7476     | 1.39        | 2     | 4     | SELECT CaseNumber FROM alfbasic WHERE casetype LIKE 'budget' AND tenant LIKE 'fog' intersect  select find_text('Total Other Liabilities');
14      | 2199.21     | 43.6           | 46.4275     | 1.297       | 2     | 4     | SELECT CaseNumber FROM alfbasic WHERE casetype LIKE 'budget' AND tenant LIKE 'fog' intersect  select find_text('Hybrid: 4 days Ft. Lauderdale w/online component');
? SET ROLE postgres;
? SET ROLE acoast_stask_u;
1       | 2650.15     | 60.673         | 63.4935     | 1.376       | 2     | 4     | SELECT CaseNumber FROM alfbasic WHERE casetype LIKE 'budget' AND tenant LIKE 'fog' intersect  select find_text('diaddvur');
21      | 2650.15     | 57.372         | 60.2095     | 1.339       | 2     | 4     | SELECT CaseNumber FROM alfbasic WHERE casetype LIKE 'budget' AND tenant LIKE 'fog' intersect  select find_text('12');
2       | 2650.15     | 67.157         | 69.9496     | 1.335       | 2     | 4     | SELECT CaseNumber FROM alfbasic WHERE casetype LIKE 'budget' AND tenant LIKE 'fog' intersect  select find_text('January 2014');
? SET ROLE tfog_abells_u;
0       | 2201.14     | 28.543         | 31.4183     | 1.352       | 3     | 4     | SELECT CaseNumber FROM alfbasic WHERE casetype LIKE 'budget' AND tenant LIKE 'fog' and udim1 LIKE 'public' intersect  select find_text('bsys@seznam.cz');
2       | 2201.14     | 30.959         | 33.8044     | 1.315       | 3     | 4     | SELECT CaseNumber FROM alfbasic WHERE casetype LIKE 'budget' AND tenant LIKE 'fog' and udim1 LIKE 'public' intersect  select find_text('By Vertex42.com');
0       | 2201.14     | 35.82          | 38.7576     | 1.431       | 3     | 4     | SELECT CaseNumber FROM alfbasic WHERE casetype LIKE 'budget' AND tenant LIKE 'fog' and udim1 LIKE 'public' intersect  select find_text('Total Cost Material 5');
? SET ROLE postgres;
? SET ROLE acoast_stask_u;
6       | 2670.15     | 65.796         | 68.5704     | 1.308       | 3     | 4     | SELECT CaseNumber FROM alfbasic WHERE casetype LIKE 'budget' AND tenant LIKE 'fog' and udim1 LIKE 'public' intersect  select find_text('Product 1');
2       | 2670.15     | 57.529         | 60.4272     | 1.396       | 3     | 4     | SELECT CaseNumber FROM alfbasic WHERE casetype LIKE 'budget' AND tenant LIKE 'fog' and udim1 LIKE 'public' intersect  select find_text('120');
0       | 2670.15     | 85.089         | 87.9574     | 1.385       | 3     | 4     | SELECT CaseNumber FROM alfbasic WHERE casetype LIKE 'budget' AND tenant LIKE 'fog' and udim1 LIKE 'public' intersect  select find_text('Total Expenditure = (D) = B + C');
? SET ROLE postgres;
? SET ROLE abells_sdraft_u;
1       | 2655.99     | 76.26          | 79.0744     | 1.375       | 3     | 4     | SELECT CaseNumber FROM alfbasic WHERE casetype LIKE 'budget' AND tenant LIKE 'fog' and udim1 LIKE 'public' intersect  select find_text('Total Other Liabilities');
3       | 2655.99     | 91.858         | 94.7099     | 1.355       | 3     | 4     | SELECT CaseNumber FROM alfbasic WHERE casetype LIKE 'budget' AND tenant LIKE 'fog' and udim1 LIKE 'public' intersect  select find_text('Hybrid: 4 days Ft. Lauderdale w/online component');
? SET ROLE postgres;
? SET ROLE tfog_abells_u;
0       | 2201.14     | 29.004         | 31.8611     | 1.318       | 3     | 4     | SELECT CaseNumber FROM alfbasic WHERE casetype LIKE 'budget' AND tenant LIKE 'fog' and udim1 LIKE 'public' intersect  select find_text('diaddvur');
15      | 2201.14     | 26.876         | 29.7298     | 1.311       | 3     | 4     | SELECT CaseNumber FROM alfbasic WHERE casetype LIKE 'budget' AND tenant LIKE 'fog' and udim1 LIKE 'public' intersect  select find_text('12');
0       | 2201.14     | 32.001         | 34.9038     | 1.315       | 3     | 4     | SELECT CaseNumber FROM alfbasic WHERE casetype LIKE 'budget' AND tenant LIKE 'fog' and udim1 LIKE 'public' intersect  select find_text('January 2014');
? SET ROLE postgres;
? SET ROLE acoast_stask_u;
0       | 2670.15     | 59.408         | 62.3493     | 1.425       | 3     | 4     | SELECT CaseNumber FROM alfbasic WHERE casetype LIKE 'budget' AND tenant LIKE 'fog' and udim1 LIKE 'public' intersect  select find_text('bsys@seznam.cz');
2       | 2670.15     | 64.616         | 67.4257     | 1.308       | 3     | 4     | SELECT CaseNumber FROM alfbasic WHERE casetype LIKE 'budget' AND tenant LIKE 'fog' and udim1 LIKE 'public' intersect  select find_text('By Vertex42.com');
0       | 2670.15     | 74.372         | 77.168      | 1.307       | 3     | 4     | SELECT CaseNumber FROM alfbasic WHERE casetype LIKE 'budget' AND tenant LIKE 'fog' and udim1 LIKE 'public' intersect  select find_text('Total Cost Material 5');
? SET ROLE tfog_abells_u;
2       | 2203.1      | 31.097         | 33.9775     | 1.397       | 4     | 4     | SELECT CaseNumber FROM alfbasic WHERE casetype LIKE 'budget' AND tenant LIKE 'fog' and udim1 LIKE 'public' AND udim2 LIKE 'table' intersect  select find_text('Product 1');
1       | 2203.1      | 26.318         | 29.2068     | 1.323       | 4     | 4     | SELECT CaseNumber FROM alfbasic WHERE casetype LIKE 'budget' AND tenant LIKE 'fog' and udim1 LIKE 'public' AND udim2 LIKE 'table' intersect  select find_text('120');
0       | 2203.1      | 39.91          | 42.8038     | 1.326       | 4     | 4     | SELECT CaseNumber FROM alfbasic WHERE casetype LIKE 'budget' AND tenant LIKE 'fog' and udim1 LIKE 'public' AND udim2 LIKE 'table' intersect  select find_text('Total Expenditure = (D) = B + C');
? SET ROLE postgres;
? SET ROLE acoast_stask_u;
2       | 2690.19     | 74.304         | 77.0841     | 1.315       | 4     | 4     | SELECT CaseNumber FROM alfbasic WHERE casetype LIKE 'budget' AND tenant LIKE 'fog' and udim1 LIKE 'public' AND udim2 LIKE 'table' intersect  select find_text('Total Other Liabilities');
1       | 2690.19     | 91.283         | 94.2249     | 1.41        | 4     | 4     | SELECT CaseNumber FROM alfbasic WHERE casetype LIKE 'budget' AND tenant LIKE 'fog' and udim1 LIKE 'public' AND udim2 LIKE 'table' intersect  select find_text('Hybrid: 4 days Ft. Lauderdale w/online component');
? SET ROLE postgres;
? SET ROLE abells_sdraft_u;
0       | 2675.59     | 61.763         | 64.5406     | 1.361       | 4     | 4     | SELECT CaseNumber FROM alfbasic WHERE casetype LIKE 'budget' AND tenant LIKE 'fog' and udim1 LIKE 'public' AND udim2 LIKE 'table' intersect  select find_text('diaddvur');
2       | 2675.59     | 58.937         | 61.7599     | 1.313       | 4     | 4     | SELECT CaseNumber FROM alfbasic WHERE casetype LIKE 'budget' AND tenant LIKE 'fog' and udim1 LIKE 'public' AND udim2 LIKE 'table' intersect  select find_text('12');
0       | 2675.59     | 66.965         | 69.8504     | 1.373       | 4     | 4     | SELECT CaseNumber FROM alfbasic WHERE casetype LIKE 'budget' AND tenant LIKE 'fog' and udim1 LIKE 'public' AND udim2 LIKE 'table' intersect  select find_text('January 2014');
? SET ROLE postgres;
? SET ROLE tfog_abells_u;
0       | 2203.1      | 28.285         | 31.1234     | 1.331       | 4     | 4     | SELECT CaseNumber FROM alfbasic WHERE casetype LIKE 'budget' AND tenant LIKE 'fog' and udim1 LIKE 'public' AND udim2 LIKE 'table' intersect  select find_text('bsys@seznam.cz');
1       | 2203.1      | 30.728         | 33.5922     | 1.316       | 4     | 4     | SELECT CaseNumber FROM alfbasic WHERE casetype LIKE 'budget' AND tenant LIKE 'fog' and udim1 LIKE 'public' AND udim2 LIKE 'table' intersect  select find_text('By Vertex42.com');
0       | 2203.1      | 35.82          | 38.7692     | 1.411       | 4     | 4     | SELECT CaseNumber FROM alfbasic WHERE casetype LIKE 'budget' AND tenant LIKE 'fog' and udim1 LIKE 'public' AND udim2 LIKE 'table' intersect  select find_text('Total Cost Material 5');
? SET ROLE postgres;
? SET ROLE acoast_stask_u;
3       | 2690.19     | 65.566         | 68.3475     | 1.304       | 4     | 4     | SELECT CaseNumber FROM alfbasic WHERE casetype LIKE 'budget' AND tenant LIKE 'fog' and udim1 LIKE 'public' AND udim2 LIKE 'table' intersect  select find_text('Product 1');
2       | 2690.19     | 56.82          | 59.6945     | 1.36        | 4     | 4     | SELECT CaseNumber FROM alfbasic WHERE casetype LIKE 'budget' AND tenant LIKE 'fog' and udim1 LIKE 'public' AND udim2 LIKE 'table' intersect  select find_text('120');
0       | 2690.19     | 83.271         | 86.2112     | 1.389       | 4     | 4     | SELECT CaseNumber FROM alfbasic WHERE casetype LIKE 'budget' AND tenant LIKE 'fog' and udim1 LIKE 'public' AND udim2 LIKE 'table' intersect  select find_text('Total Expenditure = (D) = B + C');
? SET ROLE tfog_abells_u;
1       | 2205.06     | 34.801         | 37.7159     | 1.395       | 5     | 4     | SELECT CaseNumber FROM alfbasic WHERE casetype LIKE 'budget' AND tenant LIKE 'fog' and udim1 LIKE 'public' AND udim2 LIKE 'table' AND udim3 LIKE 'neutral' intersect  select find_text('Total Other Liabilities');
1       | 2205.06     | 43.833         | 46.7877     | 1.396       | 5     | 4     | SELECT CaseNumber FROM alfbasic WHERE casetype LIKE 'budget' AND tenant LIKE 'fog' and udim1 LIKE 'public' AND udim2 LIKE 'table' AND udim3 LIKE 'neutral' intersect  select find_text('Hybrid: 4 days Ft. Lauderdale w/online component');
? SET ROLE postgres;
? SET ROLE acoast_stask_u;
0       | 2710.25     | 60.884         | 63.6764     | 1.319       | 5     | 4     | SELECT CaseNumber FROM alfbasic WHERE casetype LIKE 'budget' AND tenant LIKE 'fog' and udim1 LIKE 'public' AND udim2 LIKE 'table' AND udim3 LIKE 'neutral' intersect  select find_text('diaddvur');
1       | 2710.25     | 58.069         | 60.8833     | 1.328       | 5     | 4     | SELECT CaseNumber FROM alfbasic WHERE casetype LIKE 'budget' AND tenant LIKE 'fog' and udim1 LIKE 'public' AND udim2 LIKE 'table' AND udim3 LIKE 'neutral' intersect  select find_text('12');
0       | 2710.25     | 65.817         | 68.7275     | 1.409       | 5     | 4     | SELECT CaseNumber FROM alfbasic WHERE casetype LIKE 'budget' AND tenant LIKE 'fog' and udim1 LIKE 'public' AND udim2 LIKE 'table' AND udim3 LIKE 'neutral' intersect  select find_text('January 2014');
? SET ROLE postgres;
? SET ROLE abells_sdraft_u;
0       | 2695.21     | 60.082         | 62.8731     | 1.344       | 5     | 4     | SELECT CaseNumber FROM alfbasic WHERE casetype LIKE 'budget' AND tenant LIKE 'fog' and udim1 LIKE 'public' AND udim2 LIKE 'table' AND udim3 LIKE 'neutral' intersect  select find_text('bsys@seznam.cz');
1       | 2695.21     | 66.371         | 69.2327     | 1.362       | 5     | 4     | SELECT CaseNumber FROM alfbasic WHERE casetype LIKE 'budget' AND tenant LIKE 'fog' and udim1 LIKE 'public' AND udim2 LIKE 'table' AND udim3 LIKE 'neutral' intersect  select find_text('By Vertex42.com');
0       | 2695.21     | 75.936         | 78.809      | 1.368       | 5     | 4     | SELECT CaseNumber FROM alfbasic WHERE casetype LIKE 'budget' AND tenant LIKE 'fog' and udim1 LIKE 'public' AND udim2 LIKE 'table' AND udim3 LIKE 'neutral' intersect  select find_text('Total Cost Material 5');
? SET ROLE postgres;
? SET ROLE tfog_abells_u;
2       | 2205.06     | 31.578         | 34.4999     | 1.429       | 5     | 4     | SELECT CaseNumber FROM alfbasic WHERE casetype LIKE 'budget' AND tenant LIKE 'fog' and udim1 LIKE 'public' AND udim2 LIKE 'table' AND udim3 LIKE 'neutral' intersect  select find_text('Product 1');
1       | 2205.06     | 26.636         | 29.789      | 1.547       | 5     | 4     | SELECT CaseNumber FROM alfbasic WHERE casetype LIKE 'budget' AND tenant LIKE 'fog' and udim1 LIKE 'public' AND udim2 LIKE 'table' AND udim3 LIKE 'neutral' intersect  select find_text('120');
0       | 2205.06     | 39.551         | 42.4492     | 1.33        | 5     | 4     | SELECT CaseNumber FROM alfbasic WHERE casetype LIKE 'budget' AND tenant LIKE 'fog' and udim1 LIKE 'public' AND udim2 LIKE 'table' AND udim3 LIKE 'neutral' intersect  select find_text('Total Expenditure = (D) = B + C');
? SET ROLE postgres;
? SET ROLE acoast_stask_u;
0       | 2710.25     | 73.231         | 76.1571     | 1.421       | 5     | 4     | SELECT CaseNumber FROM alfbasic WHERE casetype LIKE 'budget' AND tenant LIKE 'fog' and udim1 LIKE 'public' AND udim2 LIKE 'table' AND udim3 LIKE 'neutral' intersect  select find_text('Total Other Liabilities');
1       | 2710.25     | 89.788         | 92.7281     | 1.405       | 5     | 4     | SELECT CaseNumber FROM alfbasic WHERE casetype LIKE 'budget' AND tenant LIKE 'fog' and udim1 LIKE 'public' AND udim2 LIKE 'table' AND udim3 LIKE 'neutral' intersect  select find_text('Hybrid: 4 days Ft. Lauderdale w/online component');
? SET ROLE tfog_abells_u;
17      | 2197.78     | 29.779         | 32.6149     | 1.331       | 0     | 4     | SELECT CaseNumber FROM alfbasic intersect  select find_text('diaddvur');
259     | 2197.78     | 27.386         | 30.2486     | 1.279       | 0     | 4     | SELECT CaseNumber FROM alfbasic intersect  select find_text('12');
7       | 2197.78     | 31.388         | 34.2391     | 1.369       | 0     | 4     | SELECT CaseNumber FROM alfbasic intersect  select find_text('January 2014');
? SET ROLE postgres;
? SET ROLE acoast_stask_u;
40      | 2615.06     | 59.989         | 62.7525     | 1.278       | 0     | 4     | SELECT CaseNumber FROM alfbasic intersect  select find_text('bsys@seznam.cz');
184     | 2615.06     | 67.732         | 70.4834     | 1.288       | 0     | 4     | SELECT CaseNumber FROM alfbasic intersect  select find_text('By Vertex42.com');
149     | 2615.06     | 77.642         | 80.4572     | 1.361       | 0     | 4     | SELECT CaseNumber FROM alfbasic intersect  select find_text('Total Cost Material 5');
? SET ROLE postgres;
? SET ROLE abells_sdraft_u;
774     | 2602.14     | 72.151         | 75.1648     | 1.33        | 0     | 4     | SELECT CaseNumber FROM alfbasic intersect  select find_text('Product 1');
257     | 2602.14     | 60.522         | 63.591      | 1.467       | 0     | 4     | SELECT CaseNumber FROM alfbasic intersect  select find_text('120');
131     | 2602.14     | 87.4           | 90.3676     | 1.429       | 0     | 4     | SELECT CaseNumber FROM alfbasic intersect  select find_text('Total Expenditure = (D) = B + C');
? SET ROLE postgres;
? SET ROLE tfog_abells_u;
84      | 2197.78     | 36.303         | 39.0565     | 1.278       | 0     | 4     | SELECT CaseNumber FROM alfbasic intersect  select find_text('Total Other Liabilities');
77      | 2197.78     | 45.053         | 47.9629     | 1.32        | 0     | 4     | SELECT CaseNumber FROM alfbasic intersect  select find_text('Hybrid: 4 days Ft. Lauderdale w/online component');
? SET ROLE postgres;
? SET ROLE acoast_stask_u;
40      | 2615.06     | 62.583         | 65.4597     | 1.477       | 0     | 4     | SELECT CaseNumber FROM alfbasic intersect  select find_text('diaddvur');
964     | 2615.06     | 58.846         | 61.9361     | 1.543       | 0     | 4     | SELECT CaseNumber FROM alfbasic intersect  select find_text('12');
119     | 2615.06     | 68.03          | 70.9004     | 1.282       | 0     | 4     | SELECT CaseNumber FROM alfbasic intersect  select find_text('January 2014');
? SET ROLE tfog_abells_u;
4       | 2197.72     | 28.385         | 31.1792     | 1.3         | 1     | 4     | SELECT CaseNumber FROM alfbasic WHERE casetype LIKE 'budget' intersect  select find_text('bsys@seznam.cz');
20      | 2197.72     | 30.338         | 33.2379     | 1.298       | 1     | 4     | SELECT CaseNumber FROM alfbasic WHERE casetype LIKE 'budget' intersect  select find_text('By Vertex42.com');
0       | 2197.72     | 35.485         | 38.2857     | 1.301       | 1     | 4     | SELECT CaseNumber FROM alfbasic WHERE casetype LIKE 'budget' intersect  select find_text('Total Cost Material 5');
? SET ROLE postgres;
? SET ROLE acoast_stask_u;
174     | 2631.03     | 67.757         | 70.6835     | 1.355       | 1     | 4     | SELECT CaseNumber FROM alfbasic WHERE casetype LIKE 'budget' intersect  select find_text('Product 1');
44      | 2631.03     | 56.283         | 59.4101     | 1.383       | 1     | 4     | SELECT CaseNumber FROM alfbasic WHERE casetype LIKE 'budget' intersect  select find_text('120');
35      | 2631.03     | 84.445         | 87.2777     | 1.289       | 1     | 4     | SELECT CaseNumber FROM alfbasic WHERE casetype LIKE 'budget' intersect  select find_text('Total Expenditure = (D) = B + C');
? SET ROLE postgres;
? SET ROLE abells_sdraft_u;
93      | 2617.73     | 74.64          | 77.4722     | 1.29        | 1     | 4     | SELECT CaseNumber FROM alfbasic WHERE casetype LIKE 'budget' intersect  select find_text('Total Other Liabilities');
51      | 2617.73     | 94.38          | 97.44       | 1.53        | 1     | 4     | SELECT CaseNumber FROM alfbasic WHERE casetype LIKE 'budget' intersect  select find_text('Hybrid: 4 days Ft. Lauderdale w/online component');
? SET ROLE postgres;
? SET ROLE tfog_abells_u;
4       | 2197.72     | 28.928         | 31.9142     | 1.529       | 1     | 4     | SELECT CaseNumber FROM alfbasic WHERE casetype LIKE 'budget' intersect  select find_text('diaddvur');
68      | 2197.72     | 26.975         | 29.7871     | 1.296       | 1     | 4     | SELECT CaseNumber FROM alfbasic WHERE casetype LIKE 'budget' intersect  select find_text('12');
0       | 2197.72     | 31.187         | 34.0257     | 1.33        | 1     | 4     | SELECT CaseNumber FROM alfbasic WHERE casetype LIKE 'budget' intersect  select find_text('January 2014');
? SET ROLE postgres;
? SET ROLE acoast_stask_u;
9       | 2631.03     | 60.023         | 62.7995     | 1.292       | 1     | 4     | SELECT CaseNumber FROM alfbasic WHERE casetype LIKE 'budget' intersect  select find_text('bsys@seznam.cz');
44      | 2631.03     | 64.242         | 67.0171     | 1.29        | 1     | 4     | SELECT CaseNumber FROM alfbasic WHERE casetype LIKE 'budget' intersect  select find_text('By Vertex42.com');
33      | 2631.03     | 75.886         | 78.7416     | 1.288       | 1     | 4     | SELECT CaseNumber FROM alfbasic WHERE casetype LIKE 'budget' intersect  select find_text('Total Cost Material 5');
? SET ROLE tfog_abells_u;
38      | 2199.21     | 31.184         | 34.0934     | 1.397       | 2     | 4     | SELECT CaseNumber FROM alfbasic WHERE casetype LIKE 'budget' AND tenant LIKE 'fog' intersect  select find_text('Product 1');
20      | 2199.21     | 27.003         | 29.8541     | 1.311       | 2     | 4     | SELECT CaseNumber FROM alfbasic WHERE casetype LIKE 'budget' AND tenant LIKE 'fog' intersect  select find_text('120');
26      | 2199.21     | 40.84          | 43.8514     | 1.39        | 2     | 4     | SELECT CaseNumber FROM alfbasic WHERE casetype LIKE 'budget' AND tenant LIKE 'fog' intersect  select find_text('Total Expenditure = (D) = B + C');
? SET ROLE postgres;
? SET ROLE acoast_stask_u;
10      | 2650.15     | 73.676         | 76.5033     | 1.4         | 2     | 4     | SELECT CaseNumber FROM alfbasic WHERE casetype LIKE 'budget' AND tenant LIKE 'fog' intersect  select find_text('Total Other Liabilities');
8       | 2650.15     | 90.616         | 93.3998     | 1.287       | 2     | 4     | SELECT CaseNumber FROM alfbasic WHERE casetype LIKE 'budget' AND tenant LIKE 'fog' intersect  select find_text('Hybrid: 4 days Ft. Lauderdale w/online component');
? SET ROLE postgres;
? SET ROLE abells_sdraft_u;
2       | 2636.43     | 62.385         | 65.155      | 1.292       | 2     | 4     | SELECT CaseNumber FROM alfbasic WHERE casetype LIKE 'budget' AND tenant LIKE 'fog' intersect  select find_text('diaddvur');
41      | 2636.43     | 58.747         | 61.7113     | 1.435       | 2     | 4     | SELECT CaseNumber FROM alfbasic WHERE casetype LIKE 'budget' AND tenant LIKE 'fog' intersect  select find_text('12');
0       | 2636.43     | 66.884         | 69.68       | 1.298       | 2     | 4     | SELECT CaseNumber FROM alfbasic WHERE casetype LIKE 'budget' AND tenant LIKE 'fog' intersect  select find_text('January 2014');
? SET ROLE postgres;
? SET ROLE tfog_abells_u;
4       | 2199.21     | 28.266         | 31.1022     | 1.35        | 2     | 4     | SELECT CaseNumber FROM alfbasic WHERE casetype LIKE 'budget' AND tenant LIKE 'fog' intersect  select find_text('bsys@seznam.cz');
20      | 2199.21     | 30.404         | 33.2882     | 1.344       | 2     | 4     | SELECT CaseNumber FROM alfbasic WHERE casetype LIKE 'budget' AND tenant LIKE 'fog' intersect  select find_text('By Vertex42.com');
0       | 2199.21     | 35.793         | 38.749      | 1.349       | 2     | 4     | SELECT CaseNumber FROM alfbasic WHERE casetype LIKE 'budget' AND tenant LIKE 'fog' intersect  select find_text('Total Cost Material 5');
? SET ROLE postgres;
? SET ROLE acoast_stask_u;
18      | 2650.15     | 66.195         | 69.0656     | 1.384       | 2     | 4     | SELECT CaseNumber FROM alfbasic WHERE casetype LIKE 'budget' AND tenant LIKE 'fog' intersect  select find_text('Product 1');
6       | 2650.15     | 56.687         | 59.6559     | 1.479       | 2     | 4     | SELECT CaseNumber FROM alfbasic WHERE casetype LIKE 'budget' AND tenant LIKE 'fog' intersect  select find_text('120');
2       | 2650.15     | 83.312         | 86.1304     | 1.302       | 2     | 4     | SELECT CaseNumber FROM alfbasic WHERE casetype LIKE 'budget' AND tenant LIKE 'fog' intersect  select find_text('Total Expenditure = (D) = B + C');
? SET ROLE tfog_abells_u;
3       | 2201.14     | 35.613         | 38.5337     | 1.43        | 3     | 4     | SELECT CaseNumber FROM alfbasic WHERE casetype LIKE 'budget' AND tenant LIKE 'fog' and udim1 LIKE 'public' intersect  select find_text('Total Other Liabilities');
4       | 2201.14     | 43.229         | 46.0749     | 1.309       | 3     | 4     | SELECT CaseNumber FROM alfbasic WHERE casetype LIKE 'budget' AND tenant LIKE 'fog' and udim1 LIKE 'public' intersect  select find_text('Hybrid: 4 days Ft. Lauderdale w/online component');
? SET ROLE postgres;
? SET ROLE acoast_stask_u;
0       | 2670.15     | 60.734         | 63.5195     | 1.378       | 3     | 4     | SELECT CaseNumber FROM alfbasic WHERE casetype LIKE 'budget' AND tenant LIKE 'fog' and udim1 LIKE 'public' intersect  select find_text('diaddvur');
6       | 2670.15     | 58.242         | 61.2385     | 1.464       | 3     | 4     | SELECT CaseNumber FROM alfbasic WHERE casetype LIKE 'budget' AND tenant LIKE 'fog' and udim1 LIKE 'public' intersect  select find_text('12');
0       | 2670.15     | 66.47          | 69.2921     | 1.36        | 3     | 4     | SELECT CaseNumber FROM alfbasic WHERE casetype LIKE 'budget' AND tenant LIKE 'fog' and udim1 LIKE 'public' intersect  select find_text('January 2014');
? SET ROLE postgres;
? SET ROLE abells_sdraft_u;
0       | 2655.99     | 60.835         | 63.6866     | 1.37        | 3     | 4     | SELECT CaseNumber FROM alfbasic WHERE casetype LIKE 'budget' AND tenant LIKE 'fog' and udim1 LIKE 'public' intersect  select find_text('bsys@seznam.cz');
1       | 2655.99     | 67.68          | 70.5669     | 1.3         | 3     | 4     | SELECT CaseNumber FROM alfbasic WHERE casetype LIKE 'budget' AND tenant LIKE 'fog' and udim1 LIKE 'public' intersect  select find_text('By Vertex42.com');
0       | 2655.99     | 77.032         | 80.0743     | 1.507       | 3     | 4     | SELECT CaseNumber FROM alfbasic WHERE casetype LIKE 'budget' AND tenant LIKE 'fog' and udim1 LIKE 'public' intersect  select find_text('Total Cost Material 5');
? SET ROLE postgres;
? SET ROLE tfog_abells_u;
7       | 2201.14     | 31.683         | 34.4748     | 1.309       | 3     | 4     | SELECT CaseNumber FROM alfbasic WHERE casetype LIKE 'budget' AND tenant LIKE 'fog' and udim1 LIKE 'public' intersect  select find_text('Product 1');
2       | 2201.14     | 26.761         | 29.6214     | 1.316       | 3     | 4     | SELECT CaseNumber FROM alfbasic WHERE casetype LIKE 'budget' AND tenant LIKE 'fog' and udim1 LIKE 'public' intersect  select find_text('120');
8       | 2201.14     | 40.274         | 43.153      | 1.318       | 3     | 4     | SELECT CaseNumber FROM alfbasic WHERE casetype LIKE 'budget' AND tenant LIKE 'fog' and udim1 LIKE 'public' intersect  select find_text('Total Expenditure = (D) = B + C');
? SET ROLE postgres;
? SET ROLE acoast_stask_u;
3       | 2670.15     | 73.697         | 76.4465     | 1.311       | 3     | 4     | SELECT CaseNumber FROM alfbasic WHERE casetype LIKE 'budget' AND tenant LIKE 'fog' and udim1 LIKE 'public' intersect  select find_text('Total Other Liabilities');
3       | 2670.15     | 91.586         | 94.4455     | 1.305       | 3     | 4     | SELECT CaseNumber FROM alfbasic WHERE casetype LIKE 'budget' AND tenant LIKE 'fog' and udim1 LIKE 'public' intersect  select find_text('Hybrid: 4 days Ft. Lauderdale w/online component');
? SET ROLE tfog_abells_u;
0       | 2203.1      | 29.408         | 32.352      | 1.412       | 4     | 4     | SELECT CaseNumber FROM alfbasic WHERE casetype LIKE 'budget' AND tenant LIKE 'fog' and udim1 LIKE 'public' AND udim2 LIKE 'table' intersect  select find_text('diaddvur');
2       | 2203.1      | 26.99          | 29.963      | 1.423       | 4     | 4     | SELECT CaseNumber FROM alfbasic WHERE casetype LIKE 'budget' AND tenant LIKE 'fog' and udim1 LIKE 'public' AND udim2 LIKE 'table' intersect  select find_text('12');
0       | 2203.1      | 31.502         | 34.4226     | 1.37        | 4     | 4     | SELECT CaseNumber FROM alfbasic WHERE casetype LIKE 'budget' AND tenant LIKE 'fog' and udim1 LIKE 'public' AND udim2 LIKE 'table' intersect  select find_text('January 2014');
? SET ROLE postgres;
? SET ROLE acoast_stask_u;
0       | 2690.19     | 59.702         | 62.5093     | 1.343       | 4     | 4     | SELECT CaseNumber FROM alfbasic WHERE casetype LIKE 'budget' AND tenant LIKE 'fog' and udim1 LIKE 'public' AND udim2 LIKE 'table' intersect  select find_text('bsys@seznam.cz');
2       | 2690.19     | 64.662         | 67.4994     | 1.312       | 4     | 4     | SELECT CaseNumber FROM alfbasic WHERE casetype LIKE 'budget' AND tenant LIKE 'fog' and udim1 LIKE 'public' AND udim2 LIKE 'table' intersect  select find_text('By Vertex42.com');
0       | 2690.19     | 75.607         | 78.4752     | 1.312       | 4     | 4     | SELECT CaseNumber FROM alfbasic WHERE casetype LIKE 'budget' AND tenant LIKE 'fog' and udim1 LIKE 'public' AND udim2 LIKE 'table' intersect  select find_text('Total Cost Material 5');
? SET ROLE postgres;
? SET ROLE abells_sdraft_u;
2       | 2675.59     | 67.103         | 70.0104     | 1.424       | 4     | 4     | SELECT CaseNumber FROM alfbasic WHERE casetype LIKE 'budget' AND tenant LIKE 'fog' and udim1 LIKE 'public' AND udim2 LIKE 'table' intersect  select find_text('Product 1');
1       | 2675.59     | 58.285         | 61.1527     | 1.372       | 4     | 4     | SELECT CaseNumber FROM alfbasic WHERE casetype LIKE 'budget' AND tenant LIKE 'fog' and udim1 LIKE 'public' AND udim2 LIKE 'table' intersect  select find_text('120');
0       | 2675.59     | 83.802         | 86.7252     | 1.407       | 4     | 4     | SELECT CaseNumber FROM alfbasic WHERE casetype LIKE 'budget' AND tenant LIKE 'fog' and udim1 LIKE 'public' AND udim2 LIKE 'table' intersect  select find_text('Total Expenditure = (D) = B + C');
? SET ROLE postgres;
? SET ROLE tfog_abells_u;
1       | 2203.1      | 35.913         | 38.8043     | 1.368       | 4     | 4     | SELECT CaseNumber FROM alfbasic WHERE casetype LIKE 'budget' AND tenant LIKE 'fog' and udim1 LIKE 'public' AND udim2 LIKE 'table' intersect  select find_text('Total Other Liabilities');
1       | 2203.1      | 43.01          | 45.8844     | 1.316       | 4     | 4     | SELECT CaseNumber FROM alfbasic WHERE casetype LIKE 'budget' AND tenant LIKE 'fog' and udim1 LIKE 'public' AND udim2 LIKE 'table' intersect  select find_text('Hybrid: 4 days Ft. Lauderdale w/online component');
? SET ROLE postgres;
? SET ROLE acoast_stask_u;
0       | 2690.19     | 60.805         | 63.6635     | 1.362       | 4     | 4     | SELECT CaseNumber FROM alfbasic WHERE casetype LIKE 'budget' AND tenant LIKE 'fog' and udim1 LIKE 'public' AND udim2 LIKE 'table' intersect  select find_text('diaddvur');
3       | 2690.19     | 57.691         | 60.5893     | 1.385       | 4     | 4     | SELECT CaseNumber FROM alfbasic WHERE casetype LIKE 'budget' AND tenant LIKE 'fog' and udim1 LIKE 'public' AND udim2 LIKE 'table' intersect  select find_text('12');
0       | 2690.19     | 66.96          | 69.9532     | 1.506       | 4     | 4     | SELECT CaseNumber FROM alfbasic WHERE casetype LIKE 'budget' AND tenant LIKE 'fog' and udim1 LIKE 'public' AND udim2 LIKE 'table' intersect  select find_text('January 2014');
? SET ROLE tfog_abells_u;
0       | 2205.06     | 28.979         | 31.9273     | 1.383       | 5     | 4     | SELECT CaseNumber FROM alfbasic WHERE casetype LIKE 'budget' AND tenant LIKE 'fog' and udim1 LIKE 'public' AND udim2 LIKE 'table' AND udim3 LIKE 'neutral' intersect  select find_text('bsys@seznam.cz');
1       | 2205.06     | 30.411         | 33.3049     | 1.329       | 5     | 4     | SELECT CaseNumber FROM alfbasic WHERE casetype LIKE 'budget' AND tenant LIKE 'fog' and udim1 LIKE 'public' AND udim2 LIKE 'table' AND udim3 LIKE 'neutral' intersect  select find_text('By Vertex42.com');
0       | 2205.06     | 35.111         | 38.1968     | 1.452       | 5     | 4     | SELECT CaseNumber FROM alfbasic WHERE casetype LIKE 'budget' AND tenant LIKE 'fog' and udim1 LIKE 'public' AND udim2 LIKE 'table' AND udim3 LIKE 'neutral' intersect  select find_text('Total Cost Material 5');
? SET ROLE postgres;
? SET ROLE acoast_stask_u;
1       | 2710.25     | 65.978         | 68.7733     | 1.321       | 5     | 4     | SELECT CaseNumber FROM alfbasic WHERE casetype LIKE 'budget' AND tenant LIKE 'fog' and udim1 LIKE 'public' AND udim2 LIKE 'table' AND udim3 LIKE 'neutral' intersect  select find_text('Product 1');
0       | 2710.25     | 57.002         | 59.9248     | 1.411       | 5     | 4     | SELECT CaseNumber FROM alfbasic WHERE casetype LIKE 'budget' AND tenant LIKE 'fog' and udim1 LIKE 'public' AND udim2 LIKE 'table' AND udim3 LIKE 'neutral' intersect  select find_text('120');
0       | 2710.25     | 84.069         | 87.1415     | 1.465       | 5     | 4     | SELECT CaseNumber FROM alfbasic WHERE casetype LIKE 'budget' AND tenant LIKE 'fog' and udim1 LIKE 'public' AND udim2 LIKE 'table' AND udim3 LIKE 'neutral' intersect  select find_text('Total Expenditure = (D) = B + C');
? SET ROLE postgres;
? SET ROLE abells_sdraft_u;
1       | 2695.21     | 74.873         | 77.733      | 1.402       | 5     | 4     | SELECT CaseNumber FROM alfbasic WHERE casetype LIKE 'budget' AND tenant LIKE 'fog' and udim1 LIKE 'public' AND udim2 LIKE 'table' AND udim3 LIKE 'neutral' intersect  select find_text('Total Other Liabilities');
1       | 2695.21     | 91.589         | 94.439      | 1.319       | 5     | 4     | SELECT CaseNumber FROM alfbasic WHERE casetype LIKE 'budget' AND tenant LIKE 'fog' and udim1 LIKE 'public' AND udim2 LIKE 'table' AND udim3 LIKE 'neutral' intersect  select find_text('Hybrid: 4 days Ft. Lauderdale w/online component');
? SET ROLE postgres;
? SET ROLE tfog_abells_u;
0       | 2205.06     | 28.706         | 31.5783     | 1.366       | 5     | 4     | SELECT CaseNumber FROM alfbasic WHERE casetype LIKE 'budget' AND tenant LIKE 'fog' and udim1 LIKE 'public' AND udim2 LIKE 'table' AND udim3 LIKE 'neutral' intersect  select find_text('diaddvur');
2       | 2205.06     | 26.953         | 29.9501     | 1.369       | 5     | 4     | SELECT CaseNumber FROM alfbasic WHERE casetype LIKE 'budget' AND tenant LIKE 'fog' and udim1 LIKE 'public' AND udim2 LIKE 'table' AND udim3 LIKE 'neutral' intersect  select find_text('12');
0       | 2205.06     | 32.021         | 35.0375     | 1.325       | 5     | 4     | SELECT CaseNumber FROM alfbasic WHERE casetype LIKE 'budget' AND tenant LIKE 'fog' and udim1 LIKE 'public' AND udim2 LIKE 'table' AND udim3 LIKE 'neutral' intersect  select find_text('January 2014');
? SET ROLE postgres;
? SET ROLE acoast_stask_u;
0       | 2710.25     | 61.663         | 64.5547     | 1.366       | 5     | 4     | SELECT CaseNumber FROM alfbasic WHERE casetype LIKE 'budget' AND tenant LIKE 'fog' and udim1 LIKE 'public' AND udim2 LIKE 'table' AND udim3 LIKE 'neutral' intersect  select find_text('bsys@seznam.cz');
0       | 2710.25     | 65.075         | 67.971      | 1.322       | 5     | 4     | SELECT CaseNumber FROM alfbasic WHERE casetype LIKE 'budget' AND tenant LIKE 'fog' and udim1 LIKE 'public' AND udim2 LIKE 'table' AND udim3 LIKE 'neutral' intersect  select find_text('By Vertex42.com');
0       | 2710.25     | 74.433         | 77.2772     | 1.32        | 5     | 4     | SELECT CaseNumber FROM alfbasic WHERE casetype LIKE 'budget' AND tenant LIKE 'fog' and udim1 LIKE 'public' AND udim2 LIKE 'table' AND udim3 LIKE 'neutral' intersect  select find_text('Total Cost Material 5');
? SET ROLE tfog_abells_u;
165     | 2197.78     | 31.803         | 34.5967     | 1.332       | 0     | 4     | SELECT CaseNumber FROM alfbasic intersect  select find_text('Product 1');
63      | 2197.78     | 27.125         | 29.8946     | 1.277       | 0     | 4     | SELECT CaseNumber FROM alfbasic intersect  select find_text('120');
81      | 2197.78     | 40.11          | 42.9413     | 1.333       | 0     | 4     | SELECT CaseNumber FROM alfbasic intersect  select find_text('Total Expenditure = (D) = B + C');
? SET ROLE postgres;
? SET ROLE acoast_stask_u;
440     | 2615.06     | 75.021         | 77.8329     | 1.323       | 0     | 4     | SELECT CaseNumber FROM alfbasic intersect  select find_text('Total Other Liabilities');
284     | 2615.06     | 91.144         | 93.9059     | 1.279       | 0     | 4     | SELECT CaseNumber FROM alfbasic intersect  select find_text('Hybrid: 4 days Ft. Lauderdale w/online component');
? SET ROLE postgres;
? SET ROLE abells_sdraft_u;
110     | 2602.14     | 62.736         | 65.5348     | 1.332       | 0     | 4     | SELECT CaseNumber FROM alfbasic intersect  select find_text('diaddvur');
987     | 2602.14     | 61.298         | 64.1537     | 1.279       | 0     | 4     | SELECT CaseNumber FROM alfbasic intersect  select find_text('12');
123     | 2602.14     | 68.881         | 71.6836     | 1.278       | 0     | 4     | SELECT CaseNumber FROM alfbasic intersect  select find_text('January 2014');
? SET ROLE postgres;
? SET ROLE tfog_abells_u;
17      | 2197.78     | 29.601         | 32.5539     | 1.45        | 0     | 4     | SELECT CaseNumber FROM alfbasic intersect  select find_text('bsys@seznam.cz');
63      | 2197.78     | 31.34          | 34.162      | 1.29        | 0     | 4     | SELECT CaseNumber FROM alfbasic intersect  select find_text('By Vertex42.com');
11      | 2197.78     | 35.705         | 38.4402     | 1.273       | 0     | 4     | SELECT CaseNumber FROM alfbasic intersect  select find_text('Total Cost Material 5');
? SET ROLE postgres;
? SET ROLE acoast_stask_u;
754     | 2615.06     | 67.751         | 70.5853     | 1.352       | 0     | 4     | SELECT CaseNumber FROM alfbasic intersect  select find_text('Product 1');
184     | 2615.06     | 57.829         | 60.5676     | 1.274       | 0     | 4     | SELECT CaseNumber FROM alfbasic intersect  select find_text('120');
200     | 2615.06     | 84.466         | 87.2996     | 1.361       | 0     | 4     | SELECT CaseNumber FROM alfbasic intersect  select find_text('Total Expenditure = (D) = B + C');
? SET ROLE tfog_abells_u;
24      | 2197.72     | 35.733         | 38.5439     | 1.344       | 1     | 4     | SELECT CaseNumber FROM alfbasic WHERE casetype LIKE 'budget' intersect  select find_text('Total Other Liabilities');
14      | 2197.72     | 43.299         | 46.0835     | 1.286       | 1     | 4     | SELECT CaseNumber FROM alfbasic WHERE casetype LIKE 'budget' intersect  select find_text('Hybrid: 4 days Ft. Lauderdale w/online component');
? SET ROLE postgres;
? SET ROLE acoast_stask_u;
9       | 2631.03     | 61.735         | 64.5759     | 1.403       | 1     | 4     | SELECT CaseNumber FROM alfbasic WHERE casetype LIKE 'budget' intersect  select find_text('diaddvur');
212     | 2631.03     | 57.645         | 60.4913     | 1.278       | 1     | 4     | SELECT CaseNumber FROM alfbasic WHERE casetype LIKE 'budget' intersect  select find_text('12');
27      | 2631.03     | 67.046         | 69.8683     | 1.34        | 1     | 4     | SELECT CaseNumber FROM alfbasic WHERE casetype LIKE 'budget' intersect  select find_text('January 2014');
? SET ROLE postgres;
? SET ROLE abells_sdraft_u;
20      | 2617.73     | 60.982         | 63.8001     | 1.387       | 1     | 4     | SELECT CaseNumber FROM alfbasic WHERE casetype LIKE 'budget' intersect  select find_text('bsys@seznam.cz');
59      | 2617.73     | 66.346         | 69.2093     | 1.377       | 1     | 4     | SELECT CaseNumber FROM alfbasic WHERE casetype LIKE 'budget' intersect  select find_text('By Vertex42.com');
28      | 2617.73     | 76.191         | 79.0145     | 1.329       | 1     | 4     | SELECT CaseNumber FROM alfbasic WHERE casetype LIKE 'budget' intersect  select find_text('Total Cost Material 5');
? SET ROLE postgres;
? SET ROLE tfog_abells_u;
38      | 2197.72     | 31.238         | 34.0242     | 1.293       | 1     | 4     | SELECT CaseNumber FROM alfbasic WHERE casetype LIKE 'budget' intersect  select find_text('Product 1');
20      | 2197.72     | 26.4           | 29.2072     | 1.291       | 1     | 4     | SELECT CaseNumber FROM alfbasic WHERE casetype LIKE 'budget' intersect  select find_text('120');
26      | 2197.72     | 40.132         | 43.0369     | 1.376       | 1     | 4     | SELECT CaseNumber FROM alfbasic WHERE casetype LIKE 'budget' intersect  select find_text('Total Expenditure = (D) = B + C');
? SET ROLE postgres;
? SET ROLE acoast_stask_u;
112     | 2631.03     | 74.206         | 76.9856     | 1.332       | 1     | 4     | SELECT CaseNumber FROM alfbasic WHERE casetype LIKE 'budget' intersect  select find_text('Total Other Liabilities');
56      | 2631.03     | 90.845         | 93.6897     | 1.34        | 1     | 4     | SELECT CaseNumber FROM alfbasic WHERE casetype LIKE 'budget' intersect  select find_text('Hybrid: 4 days Ft. Lauderdale w/online component');
? SET ROLE tfog_abells_u;
4       | 2199.21     | 29.492         | 32.3062     | 1.33        | 2     | 4     | SELECT CaseNumber FROM alfbasic WHERE casetype LIKE 'budget' AND tenant LIKE 'fog' intersect  select find_text('diaddvur');
68      | 2199.21     | 26.908         | 29.8114     | 1.34        | 2     | 4     | SELECT CaseNumber FROM alfbasic WHERE casetype LIKE 'budget' AND tenant LIKE 'fog' intersect  select find_text('12');
0       | 2199.21     | 31.462         | 34.2731     | 1.301       | 2     | 4     | SELECT CaseNumber FROM alfbasic WHERE casetype LIKE 'budget' AND tenant LIKE 'fog' intersect  select find_text('January 2014');
? SET ROLE postgres;
? SET ROLE acoast_stask_u;
1       | 2650.15     | 59.837         | 62.6302     | 1.343       | 2     | 4     | SELECT CaseNumber FROM alfbasic WHERE casetype LIKE 'budget' AND tenant LIKE 'fog' intersect  select find_text('bsys@seznam.cz');
6       | 2650.15     | 64.934         | 67.7099     | 1.306       | 2     | 4     | SELECT CaseNumber FROM alfbasic WHERE casetype LIKE 'budget' AND tenant LIKE 'fog' intersect  select find_text('By Vertex42.com');
2       | 2650.15     | 74.907         | 77.7266     | 1.35        | 2     | 4     | SELECT CaseNumber FROM alfbasic WHERE casetype LIKE 'budget' AND tenant LIKE 'fog' intersect  select find_text('Total Cost Material 5');
? SET ROLE postgres;
? SET ROLE abells_sdraft_u;
21      | 2636.43     | 67.18          | 70.2164     | 1.5         | 2     | 4     | SELECT CaseNumber FROM alfbasic WHERE casetype LIKE 'budget' AND tenant LIKE 'fog' intersect  select find_text('Product 1');
9       | 2636.43     | 57.464         | 60.3459     | 1.298       | 2     | 4     | SELECT CaseNumber FROM alfbasic WHERE casetype LIKE 'budget' AND tenant LIKE 'fog' intersect  select find_text('120');
18      | 2636.43     | 84.272         | 87.1415     | 1.395       | 2     | 4     | SELECT CaseNumber FROM alfbasic WHERE casetype LIKE 'budget' AND tenant LIKE 'fog' intersect  select find_text('Total Expenditure = (D) = B + C');
? SET ROLE postgres;
? SET ROLE tfog_abells_u;
24      | 2199.21     | 34.856         | 37.6983     | 1.306       | 2     | 4     | SELECT CaseNumber FROM alfbasic WHERE casetype LIKE 'budget' AND tenant LIKE 'fog' intersect  select find_text('Total Other Liabilities');
14      | 2199.21     | 43.331         | 46.191      | 1.301       | 2     | 4     | SELECT CaseNumber FROM alfbasic WHERE casetype LIKE 'budget' AND tenant LIKE 'fog' intersect  select find_text('Hybrid: 4 days Ft. Lauderdale w/online component');
? SET ROLE postgres;
? SET ROLE acoast_stask_u;
1       | 2650.15     | 60.743         | 63.5288     | 1.343       | 2     | 4     | SELECT CaseNumber FROM alfbasic WHERE casetype LIKE 'budget' AND tenant LIKE 'fog' intersect  select find_text('diaddvur');
21      | 2650.15     | 57.542         | 60.3709     | 1.335       | 2     | 4     | SELECT CaseNumber FROM alfbasic WHERE casetype LIKE 'budget' AND tenant LIKE 'fog' intersect  select find_text('12');
2       | 2650.15     | 66.84          | 69.8397     | 1.365       | 2     | 4     | SELECT CaseNumber FROM alfbasic WHERE casetype LIKE 'budget' AND tenant LIKE 'fog' intersect  select find_text('January 2014');
? SET ROLE tfog_abells_u;
0       | 2201.14     | 28.352         | 31.2641     | 1.316       | 3     | 4     | SELECT CaseNumber FROM alfbasic WHERE casetype LIKE 'budget' AND tenant LIKE 'fog' and udim1 LIKE 'public' intersect  select find_text('bsys@seznam.cz');
2       | 2201.14     | 31.267         | 34.1253     | 1.318       | 3     | 4     | SELECT CaseNumber FROM alfbasic WHERE casetype LIKE 'budget' AND tenant LIKE 'fog' and udim1 LIKE 'public' intersect  select find_text('By Vertex42.com');
0       | 2201.14     | 35.264         | 38.2135     | 1.4         | 3     | 4     | SELECT CaseNumber FROM alfbasic WHERE casetype LIKE 'budget' AND tenant LIKE 'fog' and udim1 LIKE 'public' intersect  select find_text('Total Cost Material 5');
? SET ROLE postgres;
? SET ROLE acoast_stask_u;
6       | 2670.15     | 66.403         | 69.3047     | 1.464       | 3     | 4     | SELECT CaseNumber FROM alfbasic WHERE casetype LIKE 'budget' AND tenant LIKE 'fog' and udim1 LIKE 'public' intersect  select find_text('Product 1');
2       | 2670.15     | 56.708         | 59.5431     | 1.339       | 3     | 4     | SELECT CaseNumber FROM alfbasic WHERE casetype LIKE 'budget' AND tenant LIKE 'fog' and udim1 LIKE 'public' intersect  select find_text('120');
0       | 2670.15     | 83.852         | 86.6709     | 1.3         | 3     | 4     | SELECT CaseNumber FROM alfbasic WHERE casetype LIKE 'budget' AND tenant LIKE 'fog' and udim1 LIKE 'public' intersect  select find_text('Total Expenditure = (D) = B + C');
? SET ROLE postgres;
? SET ROLE abells_sdraft_u;
1       | 2655.99     | 74.697         | 77.4612     | 1.299       | 3     | 4     | SELECT CaseNumber FROM alfbasic WHERE casetype LIKE 'budget' AND tenant LIKE 'fog' and udim1 LIKE 'public' intersect  select find_text('Total Other Liabilities');
3       | 2655.99     | 91.148         | 94.0335     | 1.362       | 3     | 4     | SELECT CaseNumber FROM alfbasic WHERE casetype LIKE 'budget' AND tenant LIKE 'fog' and udim1 LIKE 'public' intersect  select find_text('Hybrid: 4 days Ft. Lauderdale w/online component');
? SET ROLE postgres;
? SET ROLE tfog_abells_u;
0       | 2201.14     | 29.093         | 31.8954     | 1.32        | 3     | 4     | SELECT CaseNumber FROM alfbasic WHERE casetype LIKE 'budget' AND tenant LIKE 'fog' and udim1 LIKE 'public' intersect  select find_text('diaddvur');
15      | 2201.14     | 28.03          | 30.8685     | 1.313       | 3     | 4     | SELECT CaseNumber FROM alfbasic WHERE casetype LIKE 'budget' AND tenant LIKE 'fog' and udim1 LIKE 'public' intersect  select find_text('12');
0       | 2201.14     | 31.07          | 33.9282     | 1.313       | 3     | 4     | SELECT CaseNumber FROM alfbasic WHERE casetype LIKE 'budget' AND tenant LIKE 'fog' and udim1 LIKE 'public' intersect  select find_text('January 2014');
? SET ROLE postgres;
? SET ROLE acoast_stask_u;
0       | 2670.15     | 60.019         | 62.9239     | 1.398       | 3     | 4     | SELECT CaseNumber FROM alfbasic WHERE casetype LIKE 'budget' AND tenant LIKE 'fog' and udim1 LIKE 'public' intersect  select find_text('bsys@seznam.cz');
2       | 2670.15     | 65.847         | 68.6729     | 1.352       | 3     | 4     | SELECT CaseNumber FROM alfbasic WHERE casetype LIKE 'budget' AND tenant LIKE 'fog' and udim1 LIKE 'public' intersect  select find_text('By Vertex42.com');
0       | 2670.15     | 75.354         | 78.264      | 1.405       | 3     | 4     | SELECT CaseNumber FROM alfbasic WHERE casetype LIKE 'budget' AND tenant LIKE 'fog' and udim1 LIKE 'public' intersect  select find_text('Total Cost Material 5');
? SET ROLE tfog_abells_u;
2       | 2203.1      | 31.488         | 34.3232     | 1.319       | 4     | 4     | SELECT CaseNumber FROM alfbasic WHERE casetype LIKE 'budget' AND tenant LIKE 'fog' and udim1 LIKE 'public' AND udim2 LIKE 'table' intersect  select find_text('Product 1');
1       | 2203.1      | 26.859         | 29.8605     | 1.364       | 4     | 4     | SELECT CaseNumber FROM alfbasic WHERE casetype LIKE 'budget' AND tenant LIKE 'fog' and udim1 LIKE 'public' AND udim2 LIKE 'table' intersect  select find_text('120');
0       | 2203.1      | 39.686         | 42.6464     | 1.323       | 4     | 4     | SELECT CaseNumber FROM alfbasic WHERE casetype LIKE 'budget' AND tenant LIKE 'fog' and udim1 LIKE 'public' AND udim2 LIKE 'table' intersect  select find_text('Total Expenditure = (D) = B + C');
? SET ROLE postgres;
? SET ROLE acoast_stask_u;
2       | 2690.19     | 73.463         | 76.251      | 1.317       | 4     | 4     | SELECT CaseNumber FROM alfbasic WHERE casetype LIKE 'budget' AND tenant LIKE 'fog' and udim1 LIKE 'public' AND udim2 LIKE 'table' intersect  select find_text('Total Other Liabilities');
1       | 2690.19     | 90.448         | 93.3416     | 1.366       | 4     | 4     | SELECT CaseNumber FROM alfbasic WHERE casetype LIKE 'budget' AND tenant LIKE 'fog' and udim1 LIKE 'public' AND udim2 LIKE 'table' intersect  select find_text('Hybrid: 4 days Ft. Lauderdale w/online component');
? SET ROLE postgres;
? SET ROLE abells_sdraft_u;
0       | 2675.59     | 62.162         | 65.1278     | 1.364       | 4     | 4     | SELECT CaseNumber FROM alfbasic WHERE casetype LIKE 'budget' AND tenant LIKE 'fog' and udim1 LIKE 'public' AND udim2 LIKE 'table' intersect  select find_text('diaddvur');
2       | 2675.59     | 58.681         | 61.6751     | 1.318       | 4     | 4     | SELECT CaseNumber FROM alfbasic WHERE casetype LIKE 'budget' AND tenant LIKE 'fog' and udim1 LIKE 'public' AND udim2 LIKE 'table' intersect  select find_text('12');
0       | 2675.59     | 67.775         | 70.6046     | 1.308       | 4     | 4     | SELECT CaseNumber FROM alfbasic WHERE casetype LIKE 'budget' AND tenant LIKE 'fog' and udim1 LIKE 'public' AND udim2 LIKE 'table' intersect  select find_text('January 2014');
? SET ROLE postgres;
? SET ROLE tfog_abells_u;
0       | 2203.1      | 27.927         | 30.7515     | 1.317       | 4     | 4     | SELECT CaseNumber FROM alfbasic WHERE casetype LIKE 'budget' AND tenant LIKE 'fog' and udim1 LIKE 'public' AND udim2 LIKE 'table' intersect  select find_text('bsys@seznam.cz');
1       | 2203.1      | 30.431         | 33.3021     | 1.316       | 4     | 4     | SELECT CaseNumber FROM alfbasic WHERE casetype LIKE 'budget' AND tenant LIKE 'fog' and udim1 LIKE 'public' AND udim2 LIKE 'table' intersect  select find_text('By Vertex42.com');
0       | 2203.1      | 35.244         | 38.1119     | 1.316       | 4     | 4     | SELECT CaseNumber FROM alfbasic WHERE casetype LIKE 'budget' AND tenant LIKE 'fog' and udim1 LIKE 'public' AND udim2 LIKE 'table' intersect  select find_text('Total Cost Material 5');
? SET ROLE postgres;
? SET ROLE acoast_stask_u;
3       | 2690.19     | 67.083         | 69.9351     | 1.391       | 4     | 4     | SELECT CaseNumber FROM alfbasic WHERE casetype LIKE 'budget' AND tenant LIKE 'fog' and udim1 LIKE 'public' AND udim2 LIKE 'table' intersect  select find_text('Product 1');
2       | 2690.19     | 56.908         | 59.7532     | 1.356       | 4     | 4     | SELECT CaseNumber FROM alfbasic WHERE casetype LIKE 'budget' AND tenant LIKE 'fog' and udim1 LIKE 'public' AND udim2 LIKE 'table' intersect  select find_text('120');
0       | 2690.19     | 84.156         | 87.0531     | 1.317       | 4     | 4     | SELECT CaseNumber FROM alfbasic WHERE casetype LIKE 'budget' AND tenant LIKE 'fog' and udim1 LIKE 'public' AND udim2 LIKE 'table' intersect  select find_text('Total Expenditure = (D) = B + C');
? SET ROLE tfog_abells_u;
1       | 2205.06     | 34.894         | 37.7929     | 1.328       | 5     | 4     | SELECT CaseNumber FROM alfbasic WHERE casetype LIKE 'budget' AND tenant LIKE 'fog' and udim1 LIKE 'public' AND udim2 LIKE 'table' AND udim3 LIKE 'neutral' intersect  select find_text('Total Other Liabilities');
1       | 2205.06     | 42.909         | 45.8663     | 1.377       | 5     | 4     | SELECT CaseNumber FROM alfbasic WHERE casetype LIKE 'budget' AND tenant LIKE 'fog' and udim1 LIKE 'public' AND udim2 LIKE 'table' AND udim3 LIKE 'neutral' intersect  select find_text('Hybrid: 4 days Ft. Lauderdale w/online component');
? SET ROLE postgres;
? SET ROLE acoast_stask_u;
0       | 2710.25     | 60.791         | 63.587      | 1.32        | 5     | 4     | SELECT CaseNumber FROM alfbasic WHERE casetype LIKE 'budget' AND tenant LIKE 'fog' and udim1 LIKE 'public' AND udim2 LIKE 'table' AND udim3 LIKE 'neutral' intersect  select find_text('diaddvur');
1       | 2710.25     | 58.101         | 60.9491     | 1.336       | 5     | 4     | SELECT CaseNumber FROM alfbasic WHERE casetype LIKE 'budget' AND tenant LIKE 'fog' and udim1 LIKE 'public' AND udim2 LIKE 'table' AND udim3 LIKE 'neutral' intersect  select find_text('12');
0       | 2710.25     | 66.925         | 69.926      | 1.376       | 5     | 4     | SELECT CaseNumber FROM alfbasic WHERE casetype LIKE 'budget' AND tenant LIKE 'fog' and udim1 LIKE 'public' AND udim2 LIKE 'table' AND udim3 LIKE 'neutral' intersect  select find_text('January 2014');
? SET ROLE postgres;
? SET ROLE abells_sdraft_u;
0       | 2695.21     | 60.263         | 63.0715     | 1.313       | 5     | 4     | SELECT CaseNumber FROM alfbasic WHERE casetype LIKE 'budget' AND tenant LIKE 'fog' and udim1 LIKE 'public' AND udim2 LIKE 'table' AND udim3 LIKE 'neutral' intersect  select find_text('bsys@seznam.cz');
1       | 2695.21     | 65.6           | 68.517      | 1.32        | 5     | 4     | SELECT CaseNumber FROM alfbasic WHERE casetype LIKE 'budget' AND tenant LIKE 'fog' and udim1 LIKE 'public' AND udim2 LIKE 'table' AND udim3 LIKE 'neutral' intersect  select find_text('By Vertex42.com');
0       | 2695.21     | 76.613         | 79.9191     | 1.73        | 5     | 4     | SELECT CaseNumber FROM alfbasic WHERE casetype LIKE 'budget' AND tenant LIKE 'fog' and udim1 LIKE 'public' AND udim2 LIKE 'table' AND udim3 LIKE 'neutral' intersect  select find_text('Total Cost Material 5');
? SET ROLE postgres;
? SET ROLE tfog_abells_u;
2       | 2205.06     | 31.54          | 34.3738     | 1.324       | 5     | 4     | SELECT CaseNumber FROM alfbasic WHERE casetype LIKE 'budget' AND tenant LIKE 'fog' and udim1 LIKE 'public' AND udim2 LIKE 'table' AND udim3 LIKE 'neutral' intersect  select find_text('Product 1');
1       | 2205.06     | 26.723         | 29.6645     | 1.414       | 5     | 4     | SELECT CaseNumber FROM alfbasic WHERE casetype LIKE 'budget' AND tenant LIKE 'fog' and udim1 LIKE 'public' AND udim2 LIKE 'table' AND udim3 LIKE 'neutral' intersect  select find_text('120');
0       | 2205.06     | 39.668         | 42.5529     | 1.322       | 5     | 4     | SELECT CaseNumber FROM alfbasic WHERE casetype LIKE 'budget' AND tenant LIKE 'fog' and udim1 LIKE 'public' AND udim2 LIKE 'table' AND udim3 LIKE 'neutral' intersect  select find_text('Total Expenditure = (D) = B + C');
? SET ROLE postgres;
? SET ROLE acoast_stask_u;
0       | 2710.25     | 73.562         | 76.376      | 1.32        | 5     | 4     | SELECT CaseNumber FROM alfbasic WHERE casetype LIKE 'budget' AND tenant LIKE 'fog' and udim1 LIKE 'public' AND udim2 LIKE 'table' AND udim3 LIKE 'neutral' intersect  select find_text('Total Other Liabilities');
1       | 2710.25     | 89.559         | 92.4239     | 1.334       | 5     | 4     | SELECT CaseNumber FROM alfbasic WHERE casetype LIKE 'budget' AND tenant LIKE 'fog' and udim1 LIKE 'public' AND udim2 LIKE 'table' AND udim3 LIKE 'neutral' intersect  select find_text('Hybrid: 4 days Ft. Lauderdale w/online component');
? SET ROLE tfog_abells_u;
17      | 2197.78     | 29.549         | 32.2843     | 1.277       | 0     | 4     | SELECT CaseNumber FROM alfbasic intersect  select find_text('diaddvur');
259     | 2197.78     | 27.48          | 30.2765     | 1.277       | 0     | 4     | SELECT CaseNumber FROM alfbasic intersect  select find_text('12');
7       | 2197.78     | 32.595         | 35.3174     | 1.285       | 0     | 4     | SELECT CaseNumber FROM alfbasic intersect  select find_text('January 2014');
? SET ROLE postgres;
? SET ROLE acoast_stask_u;
40      | 2615.06     | 60.66          | 63.3872     | 1.311       | 0     | 4     | SELECT CaseNumber FROM alfbasic intersect  select find_text('bsys@seznam.cz');
184     | 2615.06     | 65.957         | 68.8696     | 1.379       | 0     | 4     | SELECT CaseNumber FROM alfbasic intersect  select find_text('By Vertex42.com');
149     | 2615.06     | 75.096         | 77.8472     | 1.278       | 0     | 4     | SELECT CaseNumber FROM alfbasic intersect  select find_text('Total Cost Material 5');
? SET ROLE postgres;
? SET ROLE abells_sdraft_u;
774     | 2602.14     | 68.5           | 71.3294     | 1.325       | 0     | 4     | SELECT CaseNumber FROM alfbasic intersect  select find_text('Product 1');
257     | 2602.14     | 59.606         | 62.3686     | 1.283       | 0     | 4     | SELECT CaseNumber FROM alfbasic intersect  select find_text('120');
131     | 2602.14     | 85.119         | 88.0527     | 1.325       | 0     | 4     | SELECT CaseNumber FROM alfbasic intersect  select find_text('Total Expenditure = (D) = B + C');
? SET ROLE postgres;
? SET ROLE tfog_abells_u;
84      | 2197.78     | 35.731         | 38.4932     | 1.28        | 0     | 4     | SELECT CaseNumber FROM alfbasic intersect  select find_text('Total Other Liabilities');
77      | 2197.78     | 43.534         | 46.4053     | 1.298       | 0     | 4     | SELECT CaseNumber FROM alfbasic intersect  select find_text('Hybrid: 4 days Ft. Lauderdale w/online component');
