rows    | exec_time(ms)  | ncond | nind  | stmt
----------------------------------------------------------------------------
? SET ROLE tfog_abells_u;
84      | 163.5907       | 0     | 0     | SELECT file_oid FROM files INNER JOIN alfbasic ON (files.casenumber = alfbasic.casenumber);
18      | 313.5068       | 1     | 0     | SELECT file_oid FROM files INNER JOIN alfbasic ON (files.casenumber = alfbasic.casenumber) WHERE casetype LIKE 'budget';
18      | 31.9613        | 2     | 0     | SELECT file_oid FROM files INNER JOIN alfbasic ON (files.casenumber = alfbasic.casenumber) WHERE casetype LIKE 'budget' AND tenant LIKE 'fog';
2       | 13.044         | 3     | 0     | SELECT file_oid FROM files INNER JOIN alfbasic ON (files.casenumber = alfbasic.casenumber) WHERE casetype LIKE 'budget' AND tenant LIKE 'fog' and udim1 LIKE 'public';
1       | 4.7844         | 4     | 0     | SELECT file_oid FROM files INNER JOIN alfbasic ON (files.casenumber = alfbasic.casenumber) WHERE casetype LIKE 'budget' AND tenant LIKE 'fog' and udim1 LIKE 'public' AND udim2 LIKE 'table';
0       | 4.3398         | 5     | 0     | SELECT file_oid FROM files INNER JOIN alfbasic ON (files.casenumber = alfbasic.casenumber) WHERE casetype LIKE 'budget' AND tenant LIKE 'fog' and udim1 LIKE 'public' AND udim2 LIKE 'table' AND udim3 LIKE 'neutral';
? SET ROLE postgres;
? SET ROLE acoast_stask_u;
199     | 403.6472       | 0     | 0     | SELECT file_oid FROM files INNER JOIN alfbasic ON (files.casenumber = alfbasic.casenumber);
37      | 22.3275        | 1     | 0     | SELECT file_oid FROM files INNER JOIN alfbasic ON (files.casenumber = alfbasic.casenumber) WHERE casetype LIKE 'budget';
4       | 6.51           | 2     | 0     | SELECT file_oid FROM files INNER JOIN alfbasic ON (files.casenumber = alfbasic.casenumber) WHERE casetype LIKE 'budget' AND tenant LIKE 'fog';
3       | 5.6256         | 3     | 0     | SELECT file_oid FROM files INNER JOIN alfbasic ON (files.casenumber = alfbasic.casenumber) WHERE casetype LIKE 'budget' AND tenant LIKE 'fog' and udim1 LIKE 'public';
1       | 5.1869         | 4     | 0     | SELECT file_oid FROM files INNER JOIN alfbasic ON (files.casenumber = alfbasic.casenumber) WHERE casetype LIKE 'budget' AND tenant LIKE 'fog' and udim1 LIKE 'public' AND udim2 LIKE 'table';
1       | 5.5954         | 5     | 0     | SELECT file_oid FROM files INNER JOIN alfbasic ON (files.casenumber = alfbasic.casenumber) WHERE casetype LIKE 'budget' AND tenant LIKE 'fog' and udim1 LIKE 'public' AND udim2 LIKE 'table' AND udim3 LIKE 'neutral';
? SET ROLE postgres;
? SET ROLE abells_sdraft_u;
200     | 200.2367       | 0     | 0     | SELECT file_oid FROM files INNER JOIN alfbasic ON (files.casenumber = alfbasic.casenumber);
35      | 20.0293        | 1     | 0     | SELECT file_oid FROM files INNER JOIN alfbasic ON (files.casenumber = alfbasic.casenumber) WHERE casetype LIKE 'budget';
7       | 7.1668         | 2     | 0     | SELECT file_oid FROM files INNER JOIN alfbasic ON (files.casenumber = alfbasic.casenumber) WHERE casetype LIKE 'budget' AND tenant LIKE 'fog';
0       | 4.4954         | 3     | 0     | SELECT file_oid FROM files INNER JOIN alfbasic ON (files.casenumber = alfbasic.casenumber) WHERE casetype LIKE 'budget' AND tenant LIKE 'fog' and udim1 LIKE 'public';
0       | 4.275          | 4     | 0     | SELECT file_oid FROM files INNER JOIN alfbasic ON (files.casenumber = alfbasic.casenumber) WHERE casetype LIKE 'budget' AND tenant LIKE 'fog' and udim1 LIKE 'public' AND udim2 LIKE 'table';
0       | 4.4446         | 5     | 0     | SELECT file_oid FROM files INNER JOIN alfbasic ON (files.casenumber = alfbasic.casenumber) WHERE casetype LIKE 'budget' AND tenant LIKE 'fog' and udim1 LIKE 'public' AND udim2 LIKE 'table' AND udim3 LIKE 'neutral';
? SET ROLE postgres;
? CREATE INDEX acta_index ON alfbasic(acta);
? SET ROLE abells_sdraft_u;
200     | 171.3072       | 0     | 1     | SELECT file_oid FROM files INNER JOIN alfbasic ON (files.casenumber = alfbasic.casenumber);
35      | 19.0329        | 1     | 1     | SELECT file_oid FROM files INNER JOIN alfbasic ON (files.casenumber = alfbasic.casenumber) WHERE casetype LIKE 'budget';
7       | 4.2181         | 2     | 1     | SELECT file_oid FROM files INNER JOIN alfbasic ON (files.casenumber = alfbasic.casenumber) WHERE casetype LIKE 'budget' AND tenant LIKE 'fog';
0       | 1.1364         | 3     | 1     | SELECT file_oid FROM files INNER JOIN alfbasic ON (files.casenumber = alfbasic.casenumber) WHERE casetype LIKE 'budget' AND tenant LIKE 'fog' and udim1 LIKE 'public';
0       | 1.039          | 4     | 1     | SELECT file_oid FROM files INNER JOIN alfbasic ON (files.casenumber = alfbasic.casenumber) WHERE casetype LIKE 'budget' AND tenant LIKE 'fog' and udim1 LIKE 'public' AND udim2 LIKE 'table';
0       | 1.0599         | 5     | 1     | SELECT file_oid FROM files INNER JOIN alfbasic ON (files.casenumber = alfbasic.casenumber) WHERE casetype LIKE 'budget' AND tenant LIKE 'fog' and udim1 LIKE 'public' AND udim2 LIKE 'table' AND udim3 LIKE 'neutral';
? SET ROLE postgres;
? CREATE INDEX stage_index ON alfbasic(stage);
? SET ROLE abells_sdraft_u;
200     | 151.6563       | 0     | 2     | SELECT file_oid FROM files INNER JOIN alfbasic ON (files.casenumber = alfbasic.casenumber);
35      | 17.7453        | 1     | 2     | SELECT file_oid FROM files INNER JOIN alfbasic ON (files.casenumber = alfbasic.casenumber) WHERE casetype LIKE 'budget';
7       | 4.2505         | 2     | 2     | SELECT file_oid FROM files INNER JOIN alfbasic ON (files.casenumber = alfbasic.casenumber) WHERE casetype LIKE 'budget' AND tenant LIKE 'fog';
0       | 1.155          | 3     | 2     | SELECT file_oid FROM files INNER JOIN alfbasic ON (files.casenumber = alfbasic.casenumber) WHERE casetype LIKE 'budget' AND tenant LIKE 'fog' and udim1 LIKE 'public';
0       | 1.0471         | 4     | 2     | SELECT file_oid FROM files INNER JOIN alfbasic ON (files.casenumber = alfbasic.casenumber) WHERE casetype LIKE 'budget' AND tenant LIKE 'fog' and udim1 LIKE 'public' AND udim2 LIKE 'table';
0       | 1.071          | 5     | 2     | SELECT file_oid FROM files INNER JOIN alfbasic ON (files.casenumber = alfbasic.casenumber) WHERE casetype LIKE 'budget' AND tenant LIKE 'fog' and udim1 LIKE 'public' AND udim2 LIKE 'table' AND udim3 LIKE 'neutral';
? SET ROLE postgres;
? CREATE INDEX tenant_index ON alfbasic(tenant);
? SET ROLE abells_sdraft_u;
200     | 148.2944       | 0     | 3     | SELECT file_oid FROM files INNER JOIN alfbasic ON (files.casenumber = alfbasic.casenumber);
35      | 17.1835        | 1     | 3     | SELECT file_oid FROM files INNER JOIN alfbasic ON (files.casenumber = alfbasic.casenumber) WHERE casetype LIKE 'budget';
7       | 4.1595         | 2     | 3     | SELECT file_oid FROM files INNER JOIN alfbasic ON (files.casenumber = alfbasic.casenumber) WHERE casetype LIKE 'budget' AND tenant LIKE 'fog';
0       | 1.1779         | 3     | 3     | SELECT file_oid FROM files INNER JOIN alfbasic ON (files.casenumber = alfbasic.casenumber) WHERE casetype LIKE 'budget' AND tenant LIKE 'fog' and udim1 LIKE 'public';
0       | 1.0604         | 4     | 3     | SELECT file_oid FROM files INNER JOIN alfbasic ON (files.casenumber = alfbasic.casenumber) WHERE casetype LIKE 'budget' AND tenant LIKE 'fog' and udim1 LIKE 'public' AND udim2 LIKE 'table';
0       | 1.0518         | 5     | 3     | SELECT file_oid FROM files INNER JOIN alfbasic ON (files.casenumber = alfbasic.casenumber) WHERE casetype LIKE 'budget' AND tenant LIKE 'fog' and udim1 LIKE 'public' AND udim2 LIKE 'table' AND udim3 LIKE 'neutral';
? SET ROLE postgres;
? CREATE INDEX casetype_index ON alfbasic(casetype);
? SET ROLE abells_sdraft_u;
200     | 191.7326       | 0     | 4     | SELECT file_oid FROM files INNER JOIN alfbasic ON (files.casenumber = alfbasic.casenumber);
35      | 17.0139        | 1     | 4     | SELECT file_oid FROM files INNER JOIN alfbasic ON (files.casenumber = alfbasic.casenumber) WHERE casetype LIKE 'budget';
7       | 4.228          | 2     | 4     | SELECT file_oid FROM files INNER JOIN alfbasic ON (files.casenumber = alfbasic.casenumber) WHERE casetype LIKE 'budget' AND tenant LIKE 'fog';
0       | 1.1575         | 3     | 4     | SELECT file_oid FROM files INNER JOIN alfbasic ON (files.casenumber = alfbasic.casenumber) WHERE casetype LIKE 'budget' AND tenant LIKE 'fog' and udim1 LIKE 'public';
0       | 1.0609         | 4     | 4     | SELECT file_oid FROM files INNER JOIN alfbasic ON (files.casenumber = alfbasic.casenumber) WHERE casetype LIKE 'budget' AND tenant LIKE 'fog' and udim1 LIKE 'public' AND udim2 LIKE 'table';
0       | 1.1031         | 5     | 4     | SELECT file_oid FROM files INNER JOIN alfbasic ON (files.casenumber = alfbasic.casenumber) WHERE casetype LIKE 'budget' AND tenant LIKE 'fog' and udim1 LIKE 'public' AND udim2 LIKE 'table' AND udim3 LIKE 'neutral';
? SET ROLE postgres;
? SET ROLE tfog_abells_u;
84      | 97.6745        | 0     | 0     | SELECT file_oid FROM files INNER JOIN alfbasic ON (files.casenumber = alfbasic.casenumber);
18      | 11.8825        | 1     | 0     | SELECT file_oid FROM files INNER JOIN alfbasic ON (files.casenumber = alfbasic.casenumber) WHERE casetype LIKE 'budget';
18      | 12.0067        | 2     | 0     | SELECT file_oid FROM files INNER JOIN alfbasic ON (files.casenumber = alfbasic.casenumber) WHERE casetype LIKE 'budget' AND tenant LIKE 'fog';
2       | 5.1752         | 3     | 0     | SELECT file_oid FROM files INNER JOIN alfbasic ON (files.casenumber = alfbasic.casenumber) WHERE casetype LIKE 'budget' AND tenant LIKE 'fog' and udim1 LIKE 'public';
1       | 4.6505         | 4     | 0     | SELECT file_oid FROM files INNER JOIN alfbasic ON (files.casenumber = alfbasic.casenumber) WHERE casetype LIKE 'budget' AND tenant LIKE 'fog' and udim1 LIKE 'public' AND udim2 LIKE 'table';
0       | 4.2332         | 5     | 0     | SELECT file_oid FROM files INNER JOIN alfbasic ON (files.casenumber = alfbasic.casenumber) WHERE casetype LIKE 'budget' AND tenant LIKE 'fog' and udim1 LIKE 'public' AND udim2 LIKE 'table' AND udim3 LIKE 'neutral';
? SET ROLE postgres;
? SET ROLE acoast_stask_u;
199     | 211.6027       | 0     | 0     | SELECT file_oid FROM files INNER JOIN alfbasic ON (files.casenumber = alfbasic.casenumber);
37      | 20.836         | 1     | 0     | SELECT file_oid FROM files INNER JOIN alfbasic ON (files.casenumber = alfbasic.casenumber) WHERE casetype LIKE 'budget';
4       | 5.7725         | 2     | 0     | SELECT file_oid FROM files INNER JOIN alfbasic ON (files.casenumber = alfbasic.casenumber) WHERE casetype LIKE 'budget' AND tenant LIKE 'fog';
3       | 5.583          | 3     | 0     | SELECT file_oid FROM files INNER JOIN alfbasic ON (files.casenumber = alfbasic.casenumber) WHERE casetype LIKE 'budget' AND tenant LIKE 'fog' and udim1 LIKE 'public';
1       | 4.8658         | 4     | 0     | SELECT file_oid FROM files INNER JOIN alfbasic ON (files.casenumber = alfbasic.casenumber) WHERE casetype LIKE 'budget' AND tenant LIKE 'fog' and udim1 LIKE 'public' AND udim2 LIKE 'table';
1       | 4.8507         | 5     | 0     | SELECT file_oid FROM files INNER JOIN alfbasic ON (files.casenumber = alfbasic.casenumber) WHERE casetype LIKE 'budget' AND tenant LIKE 'fog' and udim1 LIKE 'public' AND udim2 LIKE 'table' AND udim3 LIKE 'neutral';
? SET ROLE postgres;
? SET ROLE abells_sdraft_u;
200     | 276.6842       | 0     | 0     | SELECT file_oid FROM files INNER JOIN alfbasic ON (files.casenumber = alfbasic.casenumber);
35      | 20.5374        | 1     | 0     | SELECT file_oid FROM files INNER JOIN alfbasic ON (files.casenumber = alfbasic.casenumber) WHERE casetype LIKE 'budget';
7       | 7.2494         | 2     | 0     | SELECT file_oid FROM files INNER JOIN alfbasic ON (files.casenumber = alfbasic.casenumber) WHERE casetype LIKE 'budget' AND tenant LIKE 'fog';
0       | 4.4827         | 3     | 0     | SELECT file_oid FROM files INNER JOIN alfbasic ON (files.casenumber = alfbasic.casenumber) WHERE casetype LIKE 'budget' AND tenant LIKE 'fog' and udim1 LIKE 'public';
0       | 4.2314         | 4     | 0     | SELECT file_oid FROM files INNER JOIN alfbasic ON (files.casenumber = alfbasic.casenumber) WHERE casetype LIKE 'budget' AND tenant LIKE 'fog' and udim1 LIKE 'public' AND udim2 LIKE 'table';
0       | 4.3489         | 5     | 0     | SELECT file_oid FROM files INNER JOIN alfbasic ON (files.casenumber = alfbasic.casenumber) WHERE casetype LIKE 'budget' AND tenant LIKE 'fog' and udim1 LIKE 'public' AND udim2 LIKE 'table' AND udim3 LIKE 'neutral';
? SET ROLE postgres;
? CREATE INDEX acta_index ON alfbasic(acta);
? SET ROLE abells_sdraft_u;
200     | 93.7122        | 0     | 1     | SELECT file_oid FROM files INNER JOIN alfbasic ON (files.casenumber = alfbasic.casenumber);
35      | 17.1464        | 1     | 1     | SELECT file_oid FROM files INNER JOIN alfbasic ON (files.casenumber = alfbasic.casenumber) WHERE casetype LIKE 'budget';
7       | 4.1712         | 2     | 1     | SELECT file_oid FROM files INNER JOIN alfbasic ON (files.casenumber = alfbasic.casenumber) WHERE casetype LIKE 'budget' AND tenant LIKE 'fog';
0       | 1.2042         | 3     | 1     | SELECT file_oid FROM files INNER JOIN alfbasic ON (files.casenumber = alfbasic.casenumber) WHERE casetype LIKE 'budget' AND tenant LIKE 'fog' and udim1 LIKE 'public';
0       | 1.0424         | 4     | 1     | SELECT file_oid FROM files INNER JOIN alfbasic ON (files.casenumber = alfbasic.casenumber) WHERE casetype LIKE 'budget' AND tenant LIKE 'fog' and udim1 LIKE 'public' AND udim2 LIKE 'table';
0       | 1.0574         | 5     | 1     | SELECT file_oid FROM files INNER JOIN alfbasic ON (files.casenumber = alfbasic.casenumber) WHERE casetype LIKE 'budget' AND tenant LIKE 'fog' and udim1 LIKE 'public' AND udim2 LIKE 'table' AND udim3 LIKE 'neutral';
? SET ROLE postgres;
? CREATE INDEX stage_index ON alfbasic(stage);
? SET ROLE abells_sdraft_u;
200     | 89.7307        | 0     | 2     | SELECT file_oid FROM files INNER JOIN alfbasic ON (files.casenumber = alfbasic.casenumber);
35      | 16.7198        | 1     | 2     | SELECT file_oid FROM files INNER JOIN alfbasic ON (files.casenumber = alfbasic.casenumber) WHERE casetype LIKE 'budget';
7       | 4.1681         | 2     | 2     | SELECT file_oid FROM files INNER JOIN alfbasic ON (files.casenumber = alfbasic.casenumber) WHERE casetype LIKE 'budget' AND tenant LIKE 'fog';
0       | 1.1758         | 3     | 2     | SELECT file_oid FROM files INNER JOIN alfbasic ON (files.casenumber = alfbasic.casenumber) WHERE casetype LIKE 'budget' AND tenant LIKE 'fog' and udim1 LIKE 'public';
0       | 1.0295         | 4     | 2     | SELECT file_oid FROM files INNER JOIN alfbasic ON (files.casenumber = alfbasic.casenumber) WHERE casetype LIKE 'budget' AND tenant LIKE 'fog' and udim1 LIKE 'public' AND udim2 LIKE 'table';
0       | 1.0386         | 5     | 2     | SELECT file_oid FROM files INNER JOIN alfbasic ON (files.casenumber = alfbasic.casenumber) WHERE casetype LIKE 'budget' AND tenant LIKE 'fog' and udim1 LIKE 'public' AND udim2 LIKE 'table' AND udim3 LIKE 'neutral';
? SET ROLE postgres;
? CREATE INDEX tenant_index ON alfbasic(tenant);
? SET ROLE abells_sdraft_u;
200     | 95.4838        | 0     | 3     | SELECT file_oid FROM files INNER JOIN alfbasic ON (files.casenumber = alfbasic.casenumber);
35      | 16.7132        | 1     | 3     | SELECT file_oid FROM files INNER JOIN alfbasic ON (files.casenumber = alfbasic.casenumber) WHERE casetype LIKE 'budget';
7       | 3.9909         | 2     | 3     | SELECT file_oid FROM files INNER JOIN alfbasic ON (files.casenumber = alfbasic.casenumber) WHERE casetype LIKE 'budget' AND tenant LIKE 'fog';
0       | 1.2134         | 3     | 3     | SELECT file_oid FROM files INNER JOIN alfbasic ON (files.casenumber = alfbasic.casenumber) WHERE casetype LIKE 'budget' AND tenant LIKE 'fog' and udim1 LIKE 'public';
0       | 1.0342         | 4     | 3     | SELECT file_oid FROM files INNER JOIN alfbasic ON (files.casenumber = alfbasic.casenumber) WHERE casetype LIKE 'budget' AND tenant LIKE 'fog' and udim1 LIKE 'public' AND udim2 LIKE 'table';
0       | 1.0547         | 5     | 3     | SELECT file_oid FROM files INNER JOIN alfbasic ON (files.casenumber = alfbasic.casenumber) WHERE casetype LIKE 'budget' AND tenant LIKE 'fog' and udim1 LIKE 'public' AND udim2 LIKE 'table' AND udim3 LIKE 'neutral';
? SET ROLE postgres;
? CREATE INDEX casetype_index ON alfbasic(casetype);
? SET ROLE abells_sdraft_u;
200     | 89.9932        | 0     | 4     | SELECT file_oid FROM files INNER JOIN alfbasic ON (files.casenumber = alfbasic.casenumber);
35      | 16.6953        | 1     | 4     | SELECT file_oid FROM files INNER JOIN alfbasic ON (files.casenumber = alfbasic.casenumber) WHERE casetype LIKE 'budget';
7       | 4.0083         | 2     | 4     | SELECT file_oid FROM files INNER JOIN alfbasic ON (files.casenumber = alfbasic.casenumber) WHERE casetype LIKE 'budget' AND tenant LIKE 'fog';
0       | 1.2001         | 3     | 4     | SELECT file_oid FROM files INNER JOIN alfbasic ON (files.casenumber = alfbasic.casenumber) WHERE casetype LIKE 'budget' AND tenant LIKE 'fog' and udim1 LIKE 'public';
0       | 1.046          | 4     | 4     | SELECT file_oid FROM files INNER JOIN alfbasic ON (files.casenumber = alfbasic.casenumber) WHERE casetype LIKE 'budget' AND tenant LIKE 'fog' and udim1 LIKE 'public' AND udim2 LIKE 'table';
0       | 1.0414         | 5     | 4     | SELECT file_oid FROM files INNER JOIN alfbasic ON (files.casenumber = alfbasic.casenumber) WHERE casetype LIKE 'budget' AND tenant LIKE 'fog' and udim1 LIKE 'public' AND udim2 LIKE 'table' AND udim3 LIKE 'neutral';
? SET ROLE postgres;
? SET ROLE tfog_abells_u;
84      | 47.2121        | 0     | 0     | SELECT file_oid FROM files INNER JOIN alfbasic ON (files.casenumber = alfbasic.casenumber);
18      | 12.071         | 1     | 0     | SELECT file_oid FROM files INNER JOIN alfbasic ON (files.casenumber = alfbasic.casenumber) WHERE casetype LIKE 'budget';
18      | 11.9724        | 2     | 0     | SELECT file_oid FROM files INNER JOIN alfbasic ON (files.casenumber = alfbasic.casenumber) WHERE casetype LIKE 'budget' AND tenant LIKE 'fog';
2       | 5.2051         | 3     | 0     | SELECT file_oid FROM files INNER JOIN alfbasic ON (files.casenumber = alfbasic.casenumber) WHERE casetype LIKE 'budget' AND tenant LIKE 'fog' and udim1 LIKE 'public';
1       | 4.7327         | 4     | 0     | SELECT file_oid FROM files INNER JOIN alfbasic ON (files.casenumber = alfbasic.casenumber) WHERE casetype LIKE 'budget' AND tenant LIKE 'fog' and udim1 LIKE 'public' AND udim2 LIKE 'table';
0       | 4.2476         | 5     | 0     | SELECT file_oid FROM files INNER JOIN alfbasic ON (files.casenumber = alfbasic.casenumber) WHERE casetype LIKE 'budget' AND tenant LIKE 'fog' and udim1 LIKE 'public' AND udim2 LIKE 'table' AND udim3 LIKE 'neutral';
? SET ROLE postgres;
? SET ROLE acoast_stask_u;
199     | 216.7732       | 0     | 0     | SELECT file_oid FROM files INNER JOIN alfbasic ON (files.casenumber = alfbasic.casenumber);
37      | 31.3603        | 1     | 0     | SELECT file_oid FROM files INNER JOIN alfbasic ON (files.casenumber = alfbasic.casenumber) WHERE casetype LIKE 'budget';
4       | 5.7569         | 2     | 0     | SELECT file_oid FROM files INNER JOIN alfbasic ON (files.casenumber = alfbasic.casenumber) WHERE casetype LIKE 'budget' AND tenant LIKE 'fog';
3       | 5.4922         | 3     | 0     | SELECT file_oid FROM files INNER JOIN alfbasic ON (files.casenumber = alfbasic.casenumber) WHERE casetype LIKE 'budget' AND tenant LIKE 'fog' and udim1 LIKE 'public';
1       | 4.7062         | 4     | 0     | SELECT file_oid FROM files INNER JOIN alfbasic ON (files.casenumber = alfbasic.casenumber) WHERE casetype LIKE 'budget' AND tenant LIKE 'fog' and udim1 LIKE 'public' AND udim2 LIKE 'table';
1       | 4.8269         | 5     | 0     | SELECT file_oid FROM files INNER JOIN alfbasic ON (files.casenumber = alfbasic.casenumber) WHERE casetype LIKE 'budget' AND tenant LIKE 'fog' and udim1 LIKE 'public' AND udim2 LIKE 'table' AND udim3 LIKE 'neutral';
? SET ROLE postgres;
? SET ROLE abells_sdraft_u;
200     | 186.2526       | 0     | 0     | SELECT file_oid FROM files INNER JOIN alfbasic ON (files.casenumber = alfbasic.casenumber);
35      | 19.2586        | 1     | 0     | SELECT file_oid FROM files INNER JOIN alfbasic ON (files.casenumber = alfbasic.casenumber) WHERE casetype LIKE 'budget';
7       | 7.6122         | 2     | 0     | SELECT file_oid FROM files INNER JOIN alfbasic ON (files.casenumber = alfbasic.casenumber) WHERE casetype LIKE 'budget' AND tenant LIKE 'fog';
0       | 4.444          | 3     | 0     | SELECT file_oid FROM files INNER JOIN alfbasic ON (files.casenumber = alfbasic.casenumber) WHERE casetype LIKE 'budget' AND tenant LIKE 'fog' and udim1 LIKE 'public';
0       | 4.2657         | 4     | 0     | SELECT file_oid FROM files INNER JOIN alfbasic ON (files.casenumber = alfbasic.casenumber) WHERE casetype LIKE 'budget' AND tenant LIKE 'fog' and udim1 LIKE 'public' AND udim2 LIKE 'table';
0       | 4.3192         | 5     | 0     | SELECT file_oid FROM files INNER JOIN alfbasic ON (files.casenumber = alfbasic.casenumber) WHERE casetype LIKE 'budget' AND tenant LIKE 'fog' and udim1 LIKE 'public' AND udim2 LIKE 'table' AND udim3 LIKE 'neutral';
? SET ROLE postgres;
? CREATE INDEX acta_index ON alfbasic(acta);
? SET ROLE abells_sdraft_u;
200     | 101.9224       | 0     | 1     | SELECT file_oid FROM files INNER JOIN alfbasic ON (files.casenumber = alfbasic.casenumber);
35      | 16.3018        | 1     | 1     | SELECT file_oid FROM files INNER JOIN alfbasic ON (files.casenumber = alfbasic.casenumber) WHERE casetype LIKE 'budget';
7       | 3.922          | 2     | 1     | SELECT file_oid FROM files INNER JOIN alfbasic ON (files.casenumber = alfbasic.casenumber) WHERE casetype LIKE 'budget' AND tenant LIKE 'fog';
0       | 1.2023         | 3     | 1     | SELECT file_oid FROM files INNER JOIN alfbasic ON (files.casenumber = alfbasic.casenumber) WHERE casetype LIKE 'budget' AND tenant LIKE 'fog' and udim1 LIKE 'public';
0       | 1.0289         | 4     | 1     | SELECT file_oid FROM files INNER JOIN alfbasic ON (files.casenumber = alfbasic.casenumber) WHERE casetype LIKE 'budget' AND tenant LIKE 'fog' and udim1 LIKE 'public' AND udim2 LIKE 'table';
0       | 1.0553         | 5     | 1     | SELECT file_oid FROM files INNER JOIN alfbasic ON (files.casenumber = alfbasic.casenumber) WHERE casetype LIKE 'budget' AND tenant LIKE 'fog' and udim1 LIKE 'public' AND udim2 LIKE 'table' AND udim3 LIKE 'neutral';
200     | 88.5781        | 0     | 1     | SELECT file_oid FROM files INNER JOIN alfbasic ON (files.casenumber = alfbasic.casenumber);
35      | 16.426         | 1     | 1     | SELECT file_oid FROM files INNER JOIN alfbasic ON (files.casenumber = alfbasic.casenumber) WHERE casetype LIKE 'budget';
7       | 4.0341         | 2     | 1     | SELECT file_oid FROM files INNER JOIN alfbasic ON (files.casenumber = alfbasic.casenumber) WHERE casetype LIKE 'budget' AND tenant LIKE 'fog';
0       | 1.1887         | 3     | 1     | SELECT file_oid FROM files INNER JOIN alfbasic ON (files.casenumber = alfbasic.casenumber) WHERE casetype LIKE 'budget' AND tenant LIKE 'fog' and udim1 LIKE 'public';
0       | 1.0306         | 4     | 1     | SELECT file_oid FROM files INNER JOIN alfbasic ON (files.casenumber = alfbasic.casenumber) WHERE casetype LIKE 'budget' AND tenant LIKE 'fog' and udim1 LIKE 'public' AND udim2 LIKE 'table';
0       | 1.0532         | 5     | 1     | SELECT file_oid FROM files INNER JOIN alfbasic ON (files.casenumber = alfbasic.casenumber) WHERE casetype LIKE 'budget' AND tenant LIKE 'fog' and udim1 LIKE 'public' AND udim2 LIKE 'table' AND udim3 LIKE 'neutral';
200     | 88.2933        | 0     | 1     | SELECT file_oid FROM files INNER JOIN alfbasic ON (files.casenumber = alfbasic.casenumber);
35      | 16.1636        | 1     | 1     | SELECT file_oid FROM files INNER JOIN alfbasic ON (files.casenumber = alfbasic.casenumber) WHERE casetype LIKE 'budget';
7       | 3.9907         | 2     | 1     | SELECT file_oid FROM files INNER JOIN alfbasic ON (files.casenumber = alfbasic.casenumber) WHERE casetype LIKE 'budget' AND tenant LIKE 'fog';
0       | 1.2233         | 3     | 1     | SELECT file_oid FROM files INNER JOIN alfbasic ON (files.casenumber = alfbasic.casenumber) WHERE casetype LIKE 'budget' AND tenant LIKE 'fog' and udim1 LIKE 'public';
0       | 1.0505         | 4     | 1     | SELECT file_oid FROM files INNER JOIN alfbasic ON (files.casenumber = alfbasic.casenumber) WHERE casetype LIKE 'budget' AND tenant LIKE 'fog' and udim1 LIKE 'public' AND udim2 LIKE 'table';
0       | 1.0267         | 5     | 1     | SELECT file_oid FROM files INNER JOIN alfbasic ON (files.casenumber = alfbasic.casenumber) WHERE casetype LIKE 'budget' AND tenant LIKE 'fog' and udim1 LIKE 'public' AND udim2 LIKE 'table' AND udim3 LIKE 'neutral';
? SET ROLE postgres;
? CREATE INDEX stage_index ON alfbasic(stage);
? SET ROLE abells_sdraft_u;
200     | 88.5195        | 0     | 2     | SELECT file_oid FROM files INNER JOIN alfbasic ON (files.casenumber = alfbasic.casenumber);
35      | 16.3151        | 1     | 2     | SELECT file_oid FROM files INNER JOIN alfbasic ON (files.casenumber = alfbasic.casenumber) WHERE casetype LIKE 'budget';
7       | 3.949          | 2     | 2     | SELECT file_oid FROM files INNER JOIN alfbasic ON (files.casenumber = alfbasic.casenumber) WHERE casetype LIKE 'budget' AND tenant LIKE 'fog';
0       | 1.2043         | 3     | 2     | SELECT file_oid FROM files INNER JOIN alfbasic ON (files.casenumber = alfbasic.casenumber) WHERE casetype LIKE 'budget' AND tenant LIKE 'fog' and udim1 LIKE 'public';
0       | 1.0292         | 4     | 2     | SELECT file_oid FROM files INNER JOIN alfbasic ON (files.casenumber = alfbasic.casenumber) WHERE casetype LIKE 'budget' AND tenant LIKE 'fog' and udim1 LIKE 'public' AND udim2 LIKE 'table';
0       | 1.034          | 5     | 2     | SELECT file_oid FROM files INNER JOIN alfbasic ON (files.casenumber = alfbasic.casenumber) WHERE casetype LIKE 'budget' AND tenant LIKE 'fog' and udim1 LIKE 'public' AND udim2 LIKE 'table' AND udim3 LIKE 'neutral';
200     | 89.1103        | 0     | 2     | SELECT file_oid FROM files INNER JOIN alfbasic ON (files.casenumber = alfbasic.casenumber);
35      | 16.6097        | 1     | 2     | SELECT file_oid FROM files INNER JOIN alfbasic ON (files.casenumber = alfbasic.casenumber) WHERE casetype LIKE 'budget';
7       | 4.1898         | 2     | 2     | SELECT file_oid FROM files INNER JOIN alfbasic ON (files.casenumber = alfbasic.casenumber) WHERE casetype LIKE 'budget' AND tenant LIKE 'fog';
0       | 1.1605         | 3     | 2     | SELECT file_oid FROM files INNER JOIN alfbasic ON (files.casenumber = alfbasic.casenumber) WHERE casetype LIKE 'budget' AND tenant LIKE 'fog' and udim1 LIKE 'public';
0       | 1.0283         | 4     | 2     | SELECT file_oid FROM files INNER JOIN alfbasic ON (files.casenumber = alfbasic.casenumber) WHERE casetype LIKE 'budget' AND tenant LIKE 'fog' and udim1 LIKE 'public' AND udim2 LIKE 'table';
0       | 1.0468         | 5     | 2     | SELECT file_oid FROM files INNER JOIN alfbasic ON (files.casenumber = alfbasic.casenumber) WHERE casetype LIKE 'budget' AND tenant LIKE 'fog' and udim1 LIKE 'public' AND udim2 LIKE 'table' AND udim3 LIKE 'neutral';
200     | 88.6071        | 0     | 2     | SELECT file_oid FROM files INNER JOIN alfbasic ON (files.casenumber = alfbasic.casenumber);
35      | 16.2849        | 1     | 2     | SELECT file_oid FROM files INNER JOIN alfbasic ON (files.casenumber = alfbasic.casenumber) WHERE casetype LIKE 'budget';
7       | 3.9625         | 2     | 2     | SELECT file_oid FROM files INNER JOIN alfbasic ON (files.casenumber = alfbasic.casenumber) WHERE casetype LIKE 'budget' AND tenant LIKE 'fog';
0       | 1.1881         | 3     | 2     | SELECT file_oid FROM files INNER JOIN alfbasic ON (files.casenumber = alfbasic.casenumber) WHERE casetype LIKE 'budget' AND tenant LIKE 'fog' and udim1 LIKE 'public';
0       | 1.0385         | 4     | 2     | SELECT file_oid FROM files INNER JOIN alfbasic ON (files.casenumber = alfbasic.casenumber) WHERE casetype LIKE 'budget' AND tenant LIKE 'fog' and udim1 LIKE 'public' AND udim2 LIKE 'table';
0       | 1.0419         | 5     | 2     | SELECT file_oid FROM files INNER JOIN alfbasic ON (files.casenumber = alfbasic.casenumber) WHERE casetype LIKE 'budget' AND tenant LIKE 'fog' and udim1 LIKE 'public' AND udim2 LIKE 'table' AND udim3 LIKE 'neutral';
? SET ROLE postgres;
? CREATE INDEX tenant_index ON alfbasic(tenant);
? SET ROLE abells_sdraft_u;
200     | 89.2494        | 0     | 3     | SELECT file_oid FROM files INNER JOIN alfbasic ON (files.casenumber = alfbasic.casenumber);
35      | 16.444         | 1     | 3     | SELECT file_oid FROM files INNER JOIN alfbasic ON (files.casenumber = alfbasic.casenumber) WHERE casetype LIKE 'budget';
7       | 4.187          | 2     | 3     | SELECT file_oid FROM files INNER JOIN alfbasic ON (files.casenumber = alfbasic.casenumber) WHERE casetype LIKE 'budget' AND tenant LIKE 'fog';
0       | 1.1676         | 3     | 3     | SELECT file_oid FROM files INNER JOIN alfbasic ON (files.casenumber = alfbasic.casenumber) WHERE casetype LIKE 'budget' AND tenant LIKE 'fog' and udim1 LIKE 'public';
0       | 1.0638         | 4     | 3     | SELECT file_oid FROM files INNER JOIN alfbasic ON (files.casenumber = alfbasic.casenumber) WHERE casetype LIKE 'budget' AND tenant LIKE 'fog' and udim1 LIKE 'public' AND udim2 LIKE 'table';
0       | 1.0654         | 5     | 3     | SELECT file_oid FROM files INNER JOIN alfbasic ON (files.casenumber = alfbasic.casenumber) WHERE casetype LIKE 'budget' AND tenant LIKE 'fog' and udim1 LIKE 'public' AND udim2 LIKE 'table' AND udim3 LIKE 'neutral';
200     | 88.3777        | 0     | 3     | SELECT file_oid FROM files INNER JOIN alfbasic ON (files.casenumber = alfbasic.casenumber);
35      | 17.2007        | 1     | 3     | SELECT file_oid FROM files INNER JOIN alfbasic ON (files.casenumber = alfbasic.casenumber) WHERE casetype LIKE 'budget';
7       | 4.1308         | 2     | 3     | SELECT file_oid FROM files INNER JOIN alfbasic ON (files.casenumber = alfbasic.casenumber) WHERE casetype LIKE 'budget' AND tenant LIKE 'fog';
0       | 1.2433         | 3     | 3     | SELECT file_oid FROM files INNER JOIN alfbasic ON (files.casenumber = alfbasic.casenumber) WHERE casetype LIKE 'budget' AND tenant LIKE 'fog' and udim1 LIKE 'public';
0       | 1.0626         | 4     | 3     | SELECT file_oid FROM files INNER JOIN alfbasic ON (files.casenumber = alfbasic.casenumber) WHERE casetype LIKE 'budget' AND tenant LIKE 'fog' and udim1 LIKE 'public' AND udim2 LIKE 'table';
0       | 1.0661         | 5     | 3     | SELECT file_oid FROM files INNER JOIN alfbasic ON (files.casenumber = alfbasic.casenumber) WHERE casetype LIKE 'budget' AND tenant LIKE 'fog' and udim1 LIKE 'public' AND udim2 LIKE 'table' AND udim3 LIKE 'neutral';
200     | 92.8019        | 0     | 3     | SELECT file_oid FROM files INNER JOIN alfbasic ON (files.casenumber = alfbasic.casenumber);
35      | 16.8167        | 1     | 3     | SELECT file_oid FROM files INNER JOIN alfbasic ON (files.casenumber = alfbasic.casenumber) WHERE casetype LIKE 'budget';
7       | 4.0822         | 2     | 3     | SELECT file_oid FROM files INNER JOIN alfbasic ON (files.casenumber = alfbasic.casenumber) WHERE casetype LIKE 'budget' AND tenant LIKE 'fog';
0       | 1.1999         | 3     | 3     | SELECT file_oid FROM files INNER JOIN alfbasic ON (files.casenumber = alfbasic.casenumber) WHERE casetype LIKE 'budget' AND tenant LIKE 'fog' and udim1 LIKE 'public';
0       | 1.0601         | 4     | 3     | SELECT file_oid FROM files INNER JOIN alfbasic ON (files.casenumber = alfbasic.casenumber) WHERE casetype LIKE 'budget' AND tenant LIKE 'fog' and udim1 LIKE 'public' AND udim2 LIKE 'table';
0       | 1.0617         | 5     | 3     | SELECT file_oid FROM files INNER JOIN alfbasic ON (files.casenumber = alfbasic.casenumber) WHERE casetype LIKE 'budget' AND tenant LIKE 'fog' and udim1 LIKE 'public' AND udim2 LIKE 'table' AND udim3 LIKE 'neutral';
? SET ROLE postgres;
? CREATE INDEX casetype_index ON alfbasic(casetype);
? SET ROLE abells_sdraft_u;
200     | 88.7776        | 0     | 4     | SELECT file_oid FROM files INNER JOIN alfbasic ON (files.casenumber = alfbasic.casenumber);
35      | 17.5241        | 1     | 4     | SELECT file_oid FROM files INNER JOIN alfbasic ON (files.casenumber = alfbasic.casenumber) WHERE casetype LIKE 'budget';
7       | 4.1531         | 2     | 4     | SELECT file_oid FROM files INNER JOIN alfbasic ON (files.casenumber = alfbasic.casenumber) WHERE casetype LIKE 'budget' AND tenant LIKE 'fog';
0       | 1.154          | 3     | 4     | SELECT file_oid FROM files INNER JOIN alfbasic ON (files.casenumber = alfbasic.casenumber) WHERE casetype LIKE 'budget' AND tenant LIKE 'fog' and udim1 LIKE 'public';
0       | 1.0668         | 4     | 4     | SELECT file_oid FROM files INNER JOIN alfbasic ON (files.casenumber = alfbasic.casenumber) WHERE casetype LIKE 'budget' AND tenant LIKE 'fog' and udim1 LIKE 'public' AND udim2 LIKE 'table';
0       | 1.0683         | 5     | 4     | SELECT file_oid FROM files INNER JOIN alfbasic ON (files.casenumber = alfbasic.casenumber) WHERE casetype LIKE 'budget' AND tenant LIKE 'fog' and udim1 LIKE 'public' AND udim2 LIKE 'table' AND udim3 LIKE 'neutral';
200     | 110.9995       | 0     | 4     | SELECT file_oid FROM files INNER JOIN alfbasic ON (files.casenumber = alfbasic.casenumber);
35      | 16.8483        | 1     | 4     | SELECT file_oid FROM files INNER JOIN alfbasic ON (files.casenumber = alfbasic.casenumber) WHERE casetype LIKE 'budget';
7       | 4.0038         | 2     | 4     | SELECT file_oid FROM files INNER JOIN alfbasic ON (files.casenumber = alfbasic.casenumber) WHERE casetype LIKE 'budget' AND tenant LIKE 'fog';
0       | 1.1765         | 3     | 4     | SELECT file_oid FROM files INNER JOIN alfbasic ON (files.casenumber = alfbasic.casenumber) WHERE casetype LIKE 'budget' AND tenant LIKE 'fog' and udim1 LIKE 'public';
0       | 1.0691         | 4     | 4     | SELECT file_oid FROM files INNER JOIN alfbasic ON (files.casenumber = alfbasic.casenumber) WHERE casetype LIKE 'budget' AND tenant LIKE 'fog' and udim1 LIKE 'public' AND udim2 LIKE 'table';
0       | 1.0354         | 5     | 4     | SELECT file_oid FROM files INNER JOIN alfbasic ON (files.casenumber = alfbasic.casenumber) WHERE casetype LIKE 'budget' AND tenant LIKE 'fog' and udim1 LIKE 'public' AND udim2 LIKE 'table' AND udim3 LIKE 'neutral';
200     | 90.081         | 0     | 4     | SELECT file_oid FROM files INNER JOIN alfbasic ON (files.casenumber = alfbasic.casenumber);
35      | 16.6381        | 1     | 4     | SELECT file_oid FROM files INNER JOIN alfbasic ON (files.casenumber = alfbasic.casenumber) WHERE casetype LIKE 'budget';
7       | 4.1847         | 2     | 4     | SELECT file_oid FROM files INNER JOIN alfbasic ON (files.casenumber = alfbasic.casenumber) WHERE casetype LIKE 'budget' AND tenant LIKE 'fog';
0       | 1.1706         | 3     | 4     | SELECT file_oid FROM files INNER JOIN alfbasic ON (files.casenumber = alfbasic.casenumber) WHERE casetype LIKE 'budget' AND tenant LIKE 'fog' and udim1 LIKE 'public';
0       | 1.1567         | 4     | 4     | SELECT file_oid FROM files INNER JOIN alfbasic ON (files.casenumber = alfbasic.casenumber) WHERE casetype LIKE 'budget' AND tenant LIKE 'fog' and udim1 LIKE 'public' AND udim2 LIKE 'table';
0       | 1.0827         | 5     | 4     | SELECT file_oid FROM files INNER JOIN alfbasic ON (files.casenumber = alfbasic.casenumber) WHERE casetype LIKE 'budget' AND tenant LIKE 'fog' and udim1 LIKE 'public' AND udim2 LIKE 'table' AND udim3 LIKE 'neutral';
? SET ROLE postgres;
? SET ROLE tfog_abells_u;
84      | 75.3989        | 0     | 0     | SELECT file_oid FROM files INNER JOIN alfbasic ON (files.casenumber = alfbasic.casenumber);
18      | 12.4665        | 1     | 0     | SELECT file_oid FROM files INNER JOIN alfbasic ON (files.casenumber = alfbasic.casenumber) WHERE casetype LIKE 'budget';
18      | 12.9417        | 2     | 0     | SELECT file_oid FROM files INNER JOIN alfbasic ON (files.casenumber = alfbasic.casenumber) WHERE casetype LIKE 'budget' AND tenant LIKE 'fog';
2       | 5.0875         | 3     | 0     | SELECT file_oid FROM files INNER JOIN alfbasic ON (files.casenumber = alfbasic.casenumber) WHERE casetype LIKE 'budget' AND tenant LIKE 'fog' and udim1 LIKE 'public';
1       | 4.6869         | 4     | 0     | SELECT file_oid FROM files INNER JOIN alfbasic ON (files.casenumber = alfbasic.casenumber) WHERE casetype LIKE 'budget' AND tenant LIKE 'fog' and udim1 LIKE 'public' AND udim2 LIKE 'table';
0       | 4.1742         | 5     | 0     | SELECT file_oid FROM files INNER JOIN alfbasic ON (files.casenumber = alfbasic.casenumber) WHERE casetype LIKE 'budget' AND tenant LIKE 'fog' and udim1 LIKE 'public' AND udim2 LIKE 'table' AND udim3 LIKE 'neutral';
? SET ROLE postgres;
? SET ROLE acoast_stask_u;
199     | 180.0085       | 0     | 0     | SELECT file_oid FROM files INNER JOIN alfbasic ON (files.casenumber = alfbasic.casenumber);
37      | 20.81          | 1     | 0     | SELECT file_oid FROM files INNER JOIN alfbasic ON (files.casenumber = alfbasic.casenumber) WHERE casetype LIKE 'budget';
4       | 5.8968         | 2     | 0     | SELECT file_oid FROM files INNER JOIN alfbasic ON (files.casenumber = alfbasic.casenumber) WHERE casetype LIKE 'budget' AND tenant LIKE 'fog';
3       | 5.4673         | 3     | 0     | SELECT file_oid FROM files INNER JOIN alfbasic ON (files.casenumber = alfbasic.casenumber) WHERE casetype LIKE 'budget' AND tenant LIKE 'fog' and udim1 LIKE 'public';
1       | 4.844          | 4     | 0     | SELECT file_oid FROM files INNER JOIN alfbasic ON (files.casenumber = alfbasic.casenumber) WHERE casetype LIKE 'budget' AND tenant LIKE 'fog' and udim1 LIKE 'public' AND udim2 LIKE 'table';
1       | 4.7574         | 5     | 0     | SELECT file_oid FROM files INNER JOIN alfbasic ON (files.casenumber = alfbasic.casenumber) WHERE casetype LIKE 'budget' AND tenant LIKE 'fog' and udim1 LIKE 'public' AND udim2 LIKE 'table' AND udim3 LIKE 'neutral';
? SET ROLE postgres;
? SET ROLE abells_sdraft_u;
200     | 178.02         | 0     | 0     | SELECT file_oid FROM files INNER JOIN alfbasic ON (files.casenumber = alfbasic.casenumber);
35      | 19.9528        | 1     | 0     | SELECT file_oid FROM files INNER JOIN alfbasic ON (files.casenumber = alfbasic.casenumber) WHERE casetype LIKE 'budget';
7       | 7.3631         | 2     | 0     | SELECT file_oid FROM files INNER JOIN alfbasic ON (files.casenumber = alfbasic.casenumber) WHERE casetype LIKE 'budget' AND tenant LIKE 'fog';
0       | 4.4437         | 3     | 0     | SELECT file_oid FROM files INNER JOIN alfbasic ON (files.casenumber = alfbasic.casenumber) WHERE casetype LIKE 'budget' AND tenant LIKE 'fog' and udim1 LIKE 'public';
0       | 4.2993         | 4     | 0     | SELECT file_oid FROM files INNER JOIN alfbasic ON (files.casenumber = alfbasic.casenumber) WHERE casetype LIKE 'budget' AND tenant LIKE 'fog' and udim1 LIKE 'public' AND udim2 LIKE 'table';
0       | 4.3189         | 5     | 0     | SELECT file_oid FROM files INNER JOIN alfbasic ON (files.casenumber = alfbasic.casenumber) WHERE casetype LIKE 'budget' AND tenant LIKE 'fog' and udim1 LIKE 'public' AND udim2 LIKE 'table' AND udim3 LIKE 'neutral';
? SET ROLE postgres;
? SET ROLE tfog_abells_u;
84      | 49.791         | 0     | 0     | SELECT file_oid FROM files INNER JOIN alfbasic ON (files.casenumber = alfbasic.casenumber);
18      | 11.9926        | 1     | 0     | SELECT file_oid FROM files INNER JOIN alfbasic ON (files.casenumber = alfbasic.casenumber) WHERE casetype LIKE 'budget';
18      | 11.863         | 2     | 0     | SELECT file_oid FROM files INNER JOIN alfbasic ON (files.casenumber = alfbasic.casenumber) WHERE casetype LIKE 'budget' AND tenant LIKE 'fog';
2       | 5.0434         | 3     | 0     | SELECT file_oid FROM files INNER JOIN alfbasic ON (files.casenumber = alfbasic.casenumber) WHERE casetype LIKE 'budget' AND tenant LIKE 'fog' and udim1 LIKE 'public';
1       | 4.7126         | 4     | 0     | SELECT file_oid FROM files INNER JOIN alfbasic ON (files.casenumber = alfbasic.casenumber) WHERE casetype LIKE 'budget' AND tenant LIKE 'fog' and udim1 LIKE 'public' AND udim2 LIKE 'table';
0       | 4.2461         | 5     | 0     | SELECT file_oid FROM files INNER JOIN alfbasic ON (files.casenumber = alfbasic.casenumber) WHERE casetype LIKE 'budget' AND tenant LIKE 'fog' and udim1 LIKE 'public' AND udim2 LIKE 'table' AND udim3 LIKE 'neutral';
? SET ROLE postgres;
? SET ROLE acoast_stask_u;
199     | 99.3776        | 0     | 0     | SELECT file_oid FROM files INNER JOIN alfbasic ON (files.casenumber = alfbasic.casenumber);
37      | 21.2019        | 1     | 0     | SELECT file_oid FROM files INNER JOIN alfbasic ON (files.casenumber = alfbasic.casenumber) WHERE casetype LIKE 'budget';
4       | 6.181          | 2     | 0     | SELECT file_oid FROM files INNER JOIN alfbasic ON (files.casenumber = alfbasic.casenumber) WHERE casetype LIKE 'budget' AND tenant LIKE 'fog';
3       | 6.4188         | 3     | 0     | SELECT file_oid FROM files INNER JOIN alfbasic ON (files.casenumber = alfbasic.casenumber) WHERE casetype LIKE 'budget' AND tenant LIKE 'fog' and udim1 LIKE 'public';
1       | 4.9447         | 4     | 0     | SELECT file_oid FROM files INNER JOIN alfbasic ON (files.casenumber = alfbasic.casenumber) WHERE casetype LIKE 'budget' AND tenant LIKE 'fog' and udim1 LIKE 'public' AND udim2 LIKE 'table';
1       | 5.2754         | 5     | 0     | SELECT file_oid FROM files INNER JOIN alfbasic ON (files.casenumber = alfbasic.casenumber) WHERE casetype LIKE 'budget' AND tenant LIKE 'fog' and udim1 LIKE 'public' AND udim2 LIKE 'table' AND udim3 LIKE 'neutral';
? SET ROLE postgres;
? CREATE INDEX acta_index ON alfbasic(acta);
? SET ROLE abells_sdraft_u;
200     | 122.4222       | 0     | 1     | SELECT file_oid FROM files INNER JOIN alfbasic ON (files.casenumber = alfbasic.casenumber);
35      | 17.407         | 1     | 1     | SELECT file_oid FROM files INNER JOIN alfbasic ON (files.casenumber = alfbasic.casenumber) WHERE casetype LIKE 'budget';
7       | 4.0506         | 2     | 1     | SELECT file_oid FROM files INNER JOIN alfbasic ON (files.casenumber = alfbasic.casenumber) WHERE casetype LIKE 'budget' AND tenant LIKE 'fog';
0       | 1.217          | 3     | 1     | SELECT file_oid FROM files INNER JOIN alfbasic ON (files.casenumber = alfbasic.casenumber) WHERE casetype LIKE 'budget' AND tenant LIKE 'fog' and udim1 LIKE 'public';
0       | 1.0669         | 4     | 1     | SELECT file_oid FROM files INNER JOIN alfbasic ON (files.casenumber = alfbasic.casenumber) WHERE casetype LIKE 'budget' AND tenant LIKE 'fog' and udim1 LIKE 'public' AND udim2 LIKE 'table';
0       | 1.0672         | 5     | 1     | SELECT file_oid FROM files INNER JOIN alfbasic ON (files.casenumber = alfbasic.casenumber) WHERE casetype LIKE 'budget' AND tenant LIKE 'fog' and udim1 LIKE 'public' AND udim2 LIKE 'table' AND udim3 LIKE 'neutral';
? SET ROLE postgres;
? SET ROLE tfog_abells_u;
84      | 40.6747        | 0     | 1     | SELECT file_oid FROM files INNER JOIN alfbasic ON (files.casenumber = alfbasic.casenumber);
18      | 9.1545         | 1     | 1     | SELECT file_oid FROM files INNER JOIN alfbasic ON (files.casenumber = alfbasic.casenumber) WHERE casetype LIKE 'budget';
18      | 9.1122         | 2     | 1     | SELECT file_oid FROM files INNER JOIN alfbasic ON (files.casenumber = alfbasic.casenumber) WHERE casetype LIKE 'budget' AND tenant LIKE 'fog';
2       | 1.8687         | 3     | 1     | SELECT file_oid FROM files INNER JOIN alfbasic ON (files.casenumber = alfbasic.casenumber) WHERE casetype LIKE 'budget' AND tenant LIKE 'fog' and udim1 LIKE 'public';
1       | 1.4686         | 4     | 1     | SELECT file_oid FROM files INNER JOIN alfbasic ON (files.casenumber = alfbasic.casenumber) WHERE casetype LIKE 'budget' AND tenant LIKE 'fog' and udim1 LIKE 'public' AND udim2 LIKE 'table';
0       | 1.0225         | 5     | 1     | SELECT file_oid FROM files INNER JOIN alfbasic ON (files.casenumber = alfbasic.casenumber) WHERE casetype LIKE 'budget' AND tenant LIKE 'fog' and udim1 LIKE 'public' AND udim2 LIKE 'table' AND udim3 LIKE 'neutral';
? SET ROLE postgres;
? SET ROLE acoast_stask_u;
199     | 121.9644       | 0     | 1     | SELECT file_oid FROM files INNER JOIN alfbasic ON (files.casenumber = alfbasic.casenumber);
37      | 18.1826        | 1     | 1     | SELECT file_oid FROM files INNER JOIN alfbasic ON (files.casenumber = alfbasic.casenumber) WHERE casetype LIKE 'budget';
4       | 2.869          | 2     | 1     | SELECT file_oid FROM files INNER JOIN alfbasic ON (files.casenumber = alfbasic.casenumber) WHERE casetype LIKE 'budget' AND tenant LIKE 'fog';
3       | 2.2841         | 3     | 1     | SELECT file_oid FROM files INNER JOIN alfbasic ON (files.casenumber = alfbasic.casenumber) WHERE casetype LIKE 'budget' AND tenant LIKE 'fog' and udim1 LIKE 'public';
1       | 1.502          | 4     | 1     | SELECT file_oid FROM files INNER JOIN alfbasic ON (files.casenumber = alfbasic.casenumber) WHERE casetype LIKE 'budget' AND tenant LIKE 'fog' and udim1 LIKE 'public' AND udim2 LIKE 'table';
1       | 1.4743         | 5     | 1     | SELECT file_oid FROM files INNER JOIN alfbasic ON (files.casenumber = alfbasic.casenumber) WHERE casetype LIKE 'budget' AND tenant LIKE 'fog' and udim1 LIKE 'public' AND udim2 LIKE 'table' AND udim3 LIKE 'neutral';
? SET ROLE postgres;
? CREATE INDEX stage_index ON alfbasic(stage);
? SET ROLE abells_sdraft_u;
200     | 101.3922       | 0     | 2     | SELECT file_oid FROM files INNER JOIN alfbasic ON (files.casenumber = alfbasic.casenumber);
35      | 15.4447        | 1     | 2     | SELECT file_oid FROM files INNER JOIN alfbasic ON (files.casenumber = alfbasic.casenumber) WHERE casetype LIKE 'budget';
7       | 3.967          | 2     | 2     | SELECT file_oid FROM files INNER JOIN alfbasic ON (files.casenumber = alfbasic.casenumber) WHERE casetype LIKE 'budget' AND tenant LIKE 'fog';
0       | 1.1813         | 3     | 2     | SELECT file_oid FROM files INNER JOIN alfbasic ON (files.casenumber = alfbasic.casenumber) WHERE casetype LIKE 'budget' AND tenant LIKE 'fog' and udim1 LIKE 'public';
0       | 1.0608         | 4     | 2     | SELECT file_oid FROM files INNER JOIN alfbasic ON (files.casenumber = alfbasic.casenumber) WHERE casetype LIKE 'budget' AND tenant LIKE 'fog' and udim1 LIKE 'public' AND udim2 LIKE 'table';
0       | 1.0429         | 5     | 2     | SELECT file_oid FROM files INNER JOIN alfbasic ON (files.casenumber = alfbasic.casenumber) WHERE casetype LIKE 'budget' AND tenant LIKE 'fog' and udim1 LIKE 'public' AND udim2 LIKE 'table' AND udim3 LIKE 'neutral';
? SET ROLE postgres;
? SET ROLE tfog_abells_u;
84      | 40.4547        | 0     | 2     | SELECT file_oid FROM files INNER JOIN alfbasic ON (files.casenumber = alfbasic.casenumber);
18      | 9.2896         | 1     | 2     | SELECT file_oid FROM files INNER JOIN alfbasic ON (files.casenumber = alfbasic.casenumber) WHERE casetype LIKE 'budget';
18      | 8.9065         | 2     | 2     | SELECT file_oid FROM files INNER JOIN alfbasic ON (files.casenumber = alfbasic.casenumber) WHERE casetype LIKE 'budget' AND tenant LIKE 'fog';
2       | 1.9064         | 3     | 2     | SELECT file_oid FROM files INNER JOIN alfbasic ON (files.casenumber = alfbasic.casenumber) WHERE casetype LIKE 'budget' AND tenant LIKE 'fog' and udim1 LIKE 'public';
1       | 1.4295         | 4     | 2     | SELECT file_oid FROM files INNER JOIN alfbasic ON (files.casenumber = alfbasic.casenumber) WHERE casetype LIKE 'budget' AND tenant LIKE 'fog' and udim1 LIKE 'public' AND udim2 LIKE 'table';
0       | 1.0268         | 5     | 2     | SELECT file_oid FROM files INNER JOIN alfbasic ON (files.casenumber = alfbasic.casenumber) WHERE casetype LIKE 'budget' AND tenant LIKE 'fog' and udim1 LIKE 'public' AND udim2 LIKE 'table' AND udim3 LIKE 'neutral';
? SET ROLE postgres;
? SET ROLE acoast_stask_u;
199     | 99.7048        | 0     | 2     | SELECT file_oid FROM files INNER JOIN alfbasic ON (files.casenumber = alfbasic.casenumber);
37      | 17.918         | 1     | 2     | SELECT file_oid FROM files INNER JOIN alfbasic ON (files.casenumber = alfbasic.casenumber) WHERE casetype LIKE 'budget';
4       | 10.1078        | 2     | 2     | SELECT file_oid FROM files INNER JOIN alfbasic ON (files.casenumber = alfbasic.casenumber) WHERE casetype LIKE 'budget' AND tenant LIKE 'fog';
3       | 2.5527         | 3     | 2     | SELECT file_oid FROM files INNER JOIN alfbasic ON (files.casenumber = alfbasic.casenumber) WHERE casetype LIKE 'budget' AND tenant LIKE 'fog' and udim1 LIKE 'public';
1       | 1.6725         | 4     | 2     | SELECT file_oid FROM files INNER JOIN alfbasic ON (files.casenumber = alfbasic.casenumber) WHERE casetype LIKE 'budget' AND tenant LIKE 'fog' and udim1 LIKE 'public' AND udim2 LIKE 'table';
1       | 1.5194         | 5     | 2     | SELECT file_oid FROM files INNER JOIN alfbasic ON (files.casenumber = alfbasic.casenumber) WHERE casetype LIKE 'budget' AND tenant LIKE 'fog' and udim1 LIKE 'public' AND udim2 LIKE 'table' AND udim3 LIKE 'neutral';
? SET ROLE postgres;
? CREATE INDEX tenant_index ON alfbasic(tenant);
? SET ROLE abells_sdraft_u;
200     | 98.2282        | 0     | 3     | SELECT file_oid FROM files INNER JOIN alfbasic ON (files.casenumber = alfbasic.casenumber);
35      | 16.4757        | 1     | 3     | SELECT file_oid FROM files INNER JOIN alfbasic ON (files.casenumber = alfbasic.casenumber) WHERE casetype LIKE 'budget';
7       | 4.1458         | 2     | 3     | SELECT file_oid FROM files INNER JOIN alfbasic ON (files.casenumber = alfbasic.casenumber) WHERE casetype LIKE 'budget' AND tenant LIKE 'fog';
0       | 1.1329         | 3     | 3     | SELECT file_oid FROM files INNER JOIN alfbasic ON (files.casenumber = alfbasic.casenumber) WHERE casetype LIKE 'budget' AND tenant LIKE 'fog' and udim1 LIKE 'public';
0       | 1.0816         | 4     | 3     | SELECT file_oid FROM files INNER JOIN alfbasic ON (files.casenumber = alfbasic.casenumber) WHERE casetype LIKE 'budget' AND tenant LIKE 'fog' and udim1 LIKE 'public' AND udim2 LIKE 'table';
0       | 1.1523         | 5     | 3     | SELECT file_oid FROM files INNER JOIN alfbasic ON (files.casenumber = alfbasic.casenumber) WHERE casetype LIKE 'budget' AND tenant LIKE 'fog' and udim1 LIKE 'public' AND udim2 LIKE 'table' AND udim3 LIKE 'neutral';
? SET ROLE postgres;
? SET ROLE tfog_abells_u;
84      | 44.2387        | 0     | 3     | SELECT file_oid FROM files INNER JOIN alfbasic ON (files.casenumber = alfbasic.casenumber);
18      | 9.0463         | 1     | 3     | SELECT file_oid FROM files INNER JOIN alfbasic ON (files.casenumber = alfbasic.casenumber) WHERE casetype LIKE 'budget';
18      | 8.6812         | 2     | 3     | SELECT file_oid FROM files INNER JOIN alfbasic ON (files.casenumber = alfbasic.casenumber) WHERE casetype LIKE 'budget' AND tenant LIKE 'fog';
2       | 1.5624         | 3     | 3     | SELECT file_oid FROM files INNER JOIN alfbasic ON (files.casenumber = alfbasic.casenumber) WHERE casetype LIKE 'budget' AND tenant LIKE 'fog' and udim1 LIKE 'public';
1       | 1.0178         | 4     | 3     | SELECT file_oid FROM files INNER JOIN alfbasic ON (files.casenumber = alfbasic.casenumber) WHERE casetype LIKE 'budget' AND tenant LIKE 'fog' and udim1 LIKE 'public' AND udim2 LIKE 'table';
0       | 0.6105         | 5     | 3     | SELECT file_oid FROM files INNER JOIN alfbasic ON (files.casenumber = alfbasic.casenumber) WHERE casetype LIKE 'budget' AND tenant LIKE 'fog' and udim1 LIKE 'public' AND udim2 LIKE 'table' AND udim3 LIKE 'neutral';
? SET ROLE postgres;
? SET ROLE acoast_stask_u;
199     | 106.9979       | 0     | 3     | SELECT file_oid FROM files INNER JOIN alfbasic ON (files.casenumber = alfbasic.casenumber);
37      | 17.6788        | 1     | 3     | SELECT file_oid FROM files INNER JOIN alfbasic ON (files.casenumber = alfbasic.casenumber) WHERE casetype LIKE 'budget';
4       | 2.7812         | 2     | 3     | SELECT file_oid FROM files INNER JOIN alfbasic ON (files.casenumber = alfbasic.casenumber) WHERE casetype LIKE 'budget' AND tenant LIKE 'fog';
3       | 2.3545         | 3     | 3     | SELECT file_oid FROM files INNER JOIN alfbasic ON (files.casenumber = alfbasic.casenumber) WHERE casetype LIKE 'budget' AND tenant LIKE 'fog' and udim1 LIKE 'public';
1       | 1.583          | 4     | 3     | SELECT file_oid FROM files INNER JOIN alfbasic ON (files.casenumber = alfbasic.casenumber) WHERE casetype LIKE 'budget' AND tenant LIKE 'fog' and udim1 LIKE 'public' AND udim2 LIKE 'table';
1       | 1.5043         | 5     | 3     | SELECT file_oid FROM files INNER JOIN alfbasic ON (files.casenumber = alfbasic.casenumber) WHERE casetype LIKE 'budget' AND tenant LIKE 'fog' and udim1 LIKE 'public' AND udim2 LIKE 'table' AND udim3 LIKE 'neutral';
? SET ROLE postgres;
? CREATE INDEX casetype_index ON alfbasic(casetype);
? SET ROLE abells_sdraft_u;
200     | 106.2873       | 0     | 4     | SELECT file_oid FROM files INNER JOIN alfbasic ON (files.casenumber = alfbasic.casenumber);
35      | 18.0897        | 1     | 4     | SELECT file_oid FROM files INNER JOIN alfbasic ON (files.casenumber = alfbasic.casenumber) WHERE casetype LIKE 'budget';
7       | 4.0237         | 2     | 4     | SELECT file_oid FROM files INNER JOIN alfbasic ON (files.casenumber = alfbasic.casenumber) WHERE casetype LIKE 'budget' AND tenant LIKE 'fog';
0       | 1.1857         | 3     | 4     | SELECT file_oid FROM files INNER JOIN alfbasic ON (files.casenumber = alfbasic.casenumber) WHERE casetype LIKE 'budget' AND tenant LIKE 'fog' and udim1 LIKE 'public';
0       | 1.0305         | 4     | 4     | SELECT file_oid FROM files INNER JOIN alfbasic ON (files.casenumber = alfbasic.casenumber) WHERE casetype LIKE 'budget' AND tenant LIKE 'fog' and udim1 LIKE 'public' AND udim2 LIKE 'table';
0       | 1.0531         | 5     | 4     | SELECT file_oid FROM files INNER JOIN alfbasic ON (files.casenumber = alfbasic.casenumber) WHERE casetype LIKE 'budget' AND tenant LIKE 'fog' and udim1 LIKE 'public' AND udim2 LIKE 'table' AND udim3 LIKE 'neutral';
200     | 89.7527        | 0     | 4     | SELECT file_oid FROM files INNER JOIN alfbasic ON (files.casenumber = alfbasic.casenumber);
? SET ROLE postgres;
? SET ROLE tfog_abells_u;
84      | 50.2414        | 0     | 4     | SELECT file_oid FROM files INNER JOIN alfbasic ON (files.casenumber = alfbasic.casenumber);
18      | 8.6567         | 1     | 4     | SELECT file_oid FROM files INNER JOIN alfbasic ON (files.casenumber = alfbasic.casenumber) WHERE casetype LIKE 'budget';
18      | 8.759          | 2     | 4     | SELECT file_oid FROM files INNER JOIN alfbasic ON (files.casenumber = alfbasic.casenumber) WHERE casetype LIKE 'budget' AND tenant LIKE 'fog';
2       | 1.516          | 3     | 4     | SELECT file_oid FROM files INNER JOIN alfbasic ON (files.casenumber = alfbasic.casenumber) WHERE casetype LIKE 'budget' AND tenant LIKE 'fog' and udim1 LIKE 'public';
1       | 1.083          | 4     | 4     | SELECT file_oid FROM files INNER JOIN alfbasic ON (files.casenumber = alfbasic.casenumber) WHERE casetype LIKE 'budget' AND tenant LIKE 'fog' and udim1 LIKE 'public' AND udim2 LIKE 'table';
0       | 0.6228         | 5     | 4     | SELECT file_oid FROM files INNER JOIN alfbasic ON (files.casenumber = alfbasic.casenumber) WHERE casetype LIKE 'budget' AND tenant LIKE 'fog' and udim1 LIKE 'public' AND udim2 LIKE 'table' AND udim3 LIKE 'neutral';
? SET ROLE postgres;
? SET ROLE acoast_stask_u;
199     | 114.9744       | 0     | 4     | SELECT file_oid FROM files INNER JOIN alfbasic ON (files.casenumber = alfbasic.casenumber);
37      | 17.7228        | 1     | 4     | SELECT file_oid FROM files INNER JOIN alfbasic ON (files.casenumber = alfbasic.casenumber) WHERE casetype LIKE 'budget';
4       | 2.6773         | 2     | 4     | SELECT file_oid FROM files INNER JOIN alfbasic ON (files.casenumber = alfbasic.casenumber) WHERE casetype LIKE 'budget' AND tenant LIKE 'fog';
3       | 2.3267         | 3     | 4     | SELECT file_oid FROM files INNER JOIN alfbasic ON (files.casenumber = alfbasic.casenumber) WHERE casetype LIKE 'budget' AND tenant LIKE 'fog' and udim1 LIKE 'public';
1       | 1.5542         | 4     | 4     | SELECT file_oid FROM files INNER JOIN alfbasic ON (files.casenumber = alfbasic.casenumber) WHERE casetype LIKE 'budget' AND tenant LIKE 'fog' and udim1 LIKE 'public' AND udim2 LIKE 'table';
1       | 1.4817         | 5     | 4     | SELECT file_oid FROM files INNER JOIN alfbasic ON (files.casenumber = alfbasic.casenumber) WHERE casetype LIKE 'budget' AND tenant LIKE 'fog' and udim1 LIKE 'public' AND udim2 LIKE 'table' AND udim3 LIKE 'neutral';
? SET ROLE postgres;
